amino_acid,glycan_mass,project_name,file_name,spectrum_id,ipc_index,modified_peptide
N,1493,PXD026629,20180904YLJ-VSV4h-02.ipc,4558,0,HN[1493]GTGGR
N,1493,PXD026629,20180904YLJ-VSV4h-02.ipc,7340,29,AAGMN[1493]HTK
N,1493,PXD026629,20180904YLJ-VSV4h-02.ipc,8650,42,KCLN[1493]HTTQK
N,1493,PXD026629,20180904YLJ-VSV4h-02.ipc,8903,51,CLN[1493]HTTQK
N,1493,PXD026629,20180904YLJ-VSV4h-02.ipc,9178,75,HQN[1493]QTLR
N,682,PXD026629,20180904YLJ-VSV4h-02.ipc,4580,1,SQNCHN[682]SSSR
N,682,PXD026629,20180904YLJ-VSV4h-02.ipc,9118,71,ISQNCHN[682]SSSR
N,682,PXD026629,20180904YLJ-VSV4h-02.ipc,53271,7933,KGLVSGGVYNSHVGCLPYTIPPCEHHVN[682]GSRPPCTGEGDTPR
N,682,PXD026629,20180904YLJ-VSV4h-02.ipc,54454,8361,GLVSGGVYNSHVGCLPYTIPPCEHHVN[682]GSRPPCTGEGDTPR
N,682,PXD026629,20180904YLJ-VSV4h-02.ipc,60555,10279,YRAEFAVAN[682]DTGFVDIPQQEK
N,2978,PXD026629,20180904YLJ-VSV4h-02.ipc,5714,5,SQNCHN[2978]SSSR
N,2978,PXD026629,20180904YLJ-VSV4h-02.ipc,55580,8786,KGLVSGGVYNSHVGCLPYTIPPCEHHVN[2978]GSR
N,2978,PXD026629,20180904YLJ-VSV0h-03.ipc,55905,8498,GLVSGGVYNSHVGCLPYTIPPCEHHVN[2978]GSR
N,2978,PXD026629,20180904YLJ-VSV0h-03.ipc,65245,10966,AFNISPN[2978]DTSSGSCGINLVTLK
N,2978,PXD026629,20180831YLJ-H6h-02.ipc,52510,7114,VISNN[2978]CTSYGVLDIGK
N,2157,PXD026629,20180904YLJ-VSV4h-02.ipc,5758,6,SQNCHN[2157]SSSR
N,2157,PXD026629,20180904YLJ-VSV4h-02.ipc,19414,1037,CQEAIN[2157]ATCK
N,2157,PXD026629,20180904YLJ-VSV4h-02.ipc,21324,1361,NGN[2157]ATLLR
N,2157,PXD026629,20180904YLJ-VSV4h-02.ipc,21811,1421,TPMTN[2157]SSIR
N,2157,PXD026629,20180904YLJ-VSV4h-02.ipc,22039,1472,VSN[2157]VSCEASVSK
N,1152,PXD026629,20180904YLJ-VSV4h-02.ipc,6509,13,SQNCHN[1152]SSSR
N,1152,PXD026629,20180904YLJ-VSV4h-02.ipc,9098,69,GEN[1152]GTGPAK
N,1152,PXD026629,20180904YLJ-VSV4h-02.ipc,10125,101,ISQNCHN[1152]SSSR
N,1152,PXD026629,20180904YLJ-VSV4h-02.ipc,11327,149,CPTN[1152]NTCCK
N,1152,PXD026629,20180904YLJ-VSV4h-02.ipc,14040,309,N[1152]NTIVNK
N,1817,PXD026629,20180904YLJ-VSV4h-02.ipc,6884,14,AAGMN[1817]HTK
N,1817,PXD026629,20180904YLJ-VSV4h-02.ipc,7096,23,AN[1817]ASHDQPQK
N,1817,PXD026629,20180904YLJ-VSV4h-02.ipc,8146,34,KN[1817]DSGAYR
N,1817,PXD026629,20180904YLJ-VSV4h-02.ipc,8541,39,CLN[1817]HTTQK
N,1817,PXD026629,20180904YLJ-VSV4h-02.ipc,8915,53,HQN[1817]QTLR
N,1979,PXD026629,20180904YLJ-VSV4h-02.ipc,6948,16,AAGMN[1979]HTK
N,1979,PXD026629,20180904YLJ-VSV4h-02.ipc,7233,27,HN[1979]DSGASECR
N,1979,PXD026629,20180904YLJ-VSV4h-02.ipc,8455,36,KN[1979]DSGAYR
N,1979,PXD026629,20180904YLJ-VSV4h-02.ipc,8719,45,THAN[1979]GSIKR
N,1979,PXD026629,20180904YLJ-VSV4h-02.ipc,8864,49,NGVN[1979]GTGENGRK
N,1655,PXD026629,20180904YLJ-VSV4h-02.ipc,7067,21,AAGMN[1655]HTK
N,1655,PXD026629,20180904YLJ-VSV4h-02.ipc,8453,35,KCLN[1655]HTTQK
N,1655,PXD026629,20180904YLJ-VSV4h-02.ipc,8642,41,CLN[1655]HTTQK
N,1655,PXD026629,20180904YLJ-VSV4h-02.ipc,8947,57,HQN[1655]QTLR
N,1655,PXD026629,20180904YLJ-VSV4h-02.ipc,10254,104,IN[1655]STEAR
N,1330,PXD026629,20180904YLJ-VSV4h-02.ipc,8935,56,TLETHSN[1330]K
N,1330,PXD026629,20180904YLJ-VSV4h-02.ipc,8964,59,CLN[1330]HTTQK
N,1330,PXD026629,20180904YLJ-VSV4h-02.ipc,9870,91,HQN[1330]QTLR
N,1330,PXD026629,20180904YLJ-VSV4h-02.ipc,11981,171,SLSN[1330]STAR
N,1330,PXD026629,20180904YLJ-VSV4h-02.ipc,12029,177,N[1330]NTIVNK
N,1995,PXD026629,20180904YLJ-VSV4h-02.ipc,9088,68,CPTN[1995]NTCCK
N,1995,PXD026629,20180904YLJ-VSV4h-02.ipc,12575,202,N[1995]GTPYNNEK
N,1995,PXD026629,20180904YLJ-VSV4h-02.ipc,12773,211,CDMDGQN[1995]R
N,1995,PXD026629,20180904YLJ-VSV4h-02.ipc,14542,350,N[1995]ATLAEQAK
N,1995,PXD026629,20180904YLJ-VSV4h-02.ipc,14741,399,EQN[1995]YTCR
N,2449,PXD026629,20180904YLJ-VSV4h-02.ipc,10111,99,ISQNCHN[2449]SSSR
N,2449,PXD026629,20180904YLJ-VSV4h-02.ipc,58242,9747,NNM[147]DFSIRISN[2449]VTPADAGIYYCVK
N,2449,PXD026629,20180904YLJ-VSV4h-02.ipc,66081,11351,AFNISPN[2449]DTSSGSCGINLVTLK
N,2449,PXD026629,20180904YLJ-VSV4h-02.ipc,70825,12118,CSARVSINTVN[2449]LTAGPQVM[147]EVTVFR
N,2449,PXD026629,20180904YLJ-VSV4h-02.ipc,78503,13743,GPPGAAGYPGNPGLPGIPGQDGPPGPPGIPGCN[2449]GTKGER
N,3252,PXD026629,20180904YLJ-VSV4h-02.ipc,10229,103,ISQNCHN[3252]SSSR
N,3252,PXD026629,20180904YLJ-VSV4h-02.ipc,59004,9961,GLVSGGVYNSHVGCLPYTIPPCEHHVN[3252]GSRPPCTGEGDTPR
N,3252,PXD026629,20180904YLJ-VSV0h-03.ipc,76272,13442,VSINTVN[3252]LTAGPQVMEVTVFR
N,3252,PXD026629,20180831YLJ-H6h-01.ipc,57090,8343,VN[3252]QSENSVPPPPPPPPPLPPPPPNPIR
N,3252,PXD026629,20180831YLJ-H6h-01.ipc,64190,10201,N[3252]ATYGYVLDDPDPDDGFNYK
N,1371,PXD026629,20180904YLJ-VSV4h-02.ipc,10317,108,NCHN[1371]SSSR
N,1371,PXD026629,20180904YLJ-VSV4h-02.ipc,13927,295,HQN[1371]QTLR
N,1371,PXD026629,20180904YLJ-VSV4h-02.ipc,14564,356,LN[1371]NSQIK
N,1371,PXD026629,20180904YLJ-VSV4h-02.ipc,16536,679,AN[1371]HSHSGDYYCK
N,1371,PXD026629,20180904YLJ-VSV4h-02.ipc,16840,715,EQN[1371]YTCR
N,3414,PXD026629,20180904YLJ-VSV4h-02.ipc,10337,111,ISQNCHN[3414]SSSR
N,3414,PXD026629,20180904YLJ-VSV0h-03.ipc,76194,13417,VSINTVN[3414]LTAGPQVMEVTVFR
N,3414,PXD026629,20180831YLJ-H6h-01.ipc,50960,6997,N[3414]WTTAASPSAAFAAR
N,3414,PXD026629,20180831YLJ-H6h-02.ipc,58878,8801,NDRN[3414]LSDEIFLR
N,3414,PXD026629,20180831YLJ-H4h-02.ipc,49821,7341,DPEGQPGGELM[147]LGGTDSKYYHGELSYLN[3414]VTR
N,2141,PXD026629,20180904YLJ-VSV4h-02.ipc,10437,115,N[2141]SSHSPLR
N,2141,PXD026629,20180904YLJ-VSV4h-02.ipc,12368,197,THQALCN[2141]TTQK
N,2141,PXD026629,20180904YLJ-VSV4h-02.ipc,13286,250,GPGIKPN[2141]QTSK
N,2141,PXD026629,20180904YLJ-VSV4h-02.ipc,13932,298,IAN[2141]ETGGHGSGPR
N,2141,PXD026629,20180904YLJ-VSV4h-02.ipc,14722,393,VIN[2141]QSHLK
N,1825,PXD026629,20180904YLJ-VSV4h-02.ipc,10453,116,GEN[1825]GTGPAK
N,1825,PXD026629,20180904YLJ-VSV4h-02.ipc,13043,225,CPTN[1825]NTCCK
N,1825,PXD026629,20180904YLJ-VSV4h-02.ipc,17037,733,AN[1825]HSHSGDYYCK
N,1825,PXD026629,20180904YLJ-VSV4h-02.ipc,18475,894,LN[1825]NSQIK
N,1825,PXD026629,20180904YLJ-VSV4h-02.ipc,19669,1071,DN[1825]HTSCAECLK
N,1809,PXD026629,20180904YLJ-VSV4h-02.ipc,11115,134,GEN[1809]GTGPAK
N,1809,PXD026629,20180904YLJ-VSV4h-02.ipc,13656,273,CPTN[1809]NTCCK
N,1809,PXD026629,20180904YLJ-VSV4h-02.ipc,18134,842,GDHGAN[1809]FSCR
N,1809,PXD026629,20180904YLJ-VSV4h-02.ipc,21259,1342,VN[1809]KTEEDYAR
N,1809,PXD026629,20180904YLJ-VSV4h-02.ipc,21391,1375,ASSSFRPN[1809]GTK
N,2336,PXD026629,20180904YLJ-VSV4h-02.ipc,12717,209,KN[2336]DSGAYR
N,2336,PXD026629,20180904YLJ-VSV4h-02.ipc,16742,705,GLIGHNN[2336]K
N,2336,PXD026629,20180904YLJ-VSV4h-02.ipc,17758,801,IRN[2336]VSDTTKR
N,2336,PXD026629,20180904YLJ-VSV4h-02.ipc,18690,926,CDMDGQN[2336]R
N,2336,PXD026629,20180904YLJ-VSV4h-02.ipc,22825,1627,LSQLKKN[2336]DSGAYR
N,1168,PXD026629,20180904YLJ-VSV4h-02.ipc,12949,215,N[1168]NTIVNK
N,1168,PXD026629,20180904YLJ-VSV4h-02.ipc,15563,532,N[1168]ATLAEQAK
N,1168,PXD026629,20180904YLJ-VSV4h-02.ipc,16897,720,AN[1168]HSHSGDYYCK
N,1168,PXD026629,20180904YLJ-VSV4h-02.ipc,18184,851,VN[1168]KTEEDYAR
N,1168,PXD026629,20180904YLJ-VSV4h-02.ipc,20305,1180,MN[1168]YTGGDTCHK
N,1477,PXD026629,20180904YLJ-VSV4h-02.ipc,12984,219,N[1477]NTIVNK
N,1477,PXD026629,20180904YLJ-VSV4h-02.ipc,18326,874,VN[1477]KTEEDYAR
N,1477,PXD026629,20180904YLJ-VSV4h-02.ipc,23081,1675,N[1477]FSSHINR
N,1477,PXD026629,20180904YLJ-VSV4h-02.ipc,45435,6259,YYHGELSYLN[1477]VTRK
N,1477,PXD026629,20180904YLJ-VSV4h-02.ipc,48550,6867,ECHTIQN[1477]YTLWR
N,1899,PXD026629,20180904YLJ-VSV4h-02.ipc,13958,301,LN[1899]NSQIK
N,1899,PXD026629,20180904YLJ-VSV4h-02.ipc,16311,643,AN[1899]HSHSGDYYCK
N,1899,PXD026629,20180904YLJ-VSV4h-02.ipc,17222,755,EQN[1899]YTCR
N,1899,PXD026629,20180904YLJ-VSV4h-02.ipc,19826,1097,VLN[1899]STGHDVAR
N,1899,PXD026629,20180904YLJ-VSV4h-02.ipc,22187,1504,N[1899]VTNAEGIK
N,1737,PXD026629,20180904YLJ-VSV4h-02.ipc,13985,303,LN[1737]NSQIK
N,1737,PXD026629,20180904YLJ-VSV4h-02.ipc,17310,764,EQN[1737]YTCR
N,1737,PXD026629,20180904YLJ-VSV4h-02.ipc,22423,1565,N[1737]VTNAEGIK
N,1737,PXD026629,20180904YLJ-VSV4h-02.ipc,22648,1600,SVYN[1737]CSGEACSGHNR
N,1737,PXD026629,20180904YLJ-VSV4h-02.ipc,23826,1841,SCN[1737]ISVTEK
N,2102,PXD026629,20180904YLJ-VSV4h-02.ipc,14026,306,LN[2102]NSQIK
N,2102,PXD026629,20180904YLJ-VSV4h-02.ipc,34765,3867,KLN[2102]YTLK
N,2102,PXD026629,20180904YLJ-VSV4h-02.ipc,39031,4814,DIILHSTGHN[2102]ISR
N,2102,PXD026629,20180904YLJ-VSV4h-02.ipc,39144,4842,VTFIN[2102]TTR
N,2102,PXD026629,20180904YLJ-VSV4h-02.ipc,42051,5599,FTCN[2102]QTTDVIIIHSK
N,2467,PXD026629,20180904YLJ-VSV4h-02.ipc,14267,325,LN[2467]NSQIK
N,2467,PXD026629,20180904YLJ-VSV4h-02.ipc,48351,6828,NDRN[2467]LSDEIFLR
N,2467,PXD026629,20180904YLJ-VSV4h-02.ipc,54597,8409,KGLVSGGVYNSHVGCLPYTIPPCEHHVN[2467]GSRPPCTGEGDTPR
N,2467,PXD026629,20180904YLJ-VSV4h-02.ipc,57428,9463,GLVSGGVYNSHVGCLPYTIPPCEHHVN[2467]GSRPPCTGEGDTPR
N,2467,PXD026629,20180904YLJ-VSV4h-02.ipc,63639,10954,SLLEFN[2467]TTMGCQPSDSQHR
N,1534,PXD026629,20180904YLJ-VSV4h-02.ipc,14415,334,LN[1534]NSQIK
N,1534,PXD026629,20180904YLJ-VSV4h-02.ipc,16188,626,AN[1534]HSHSGDYYCK
N,1534,PXD026629,20180904YLJ-VSV4h-02.ipc,19198,1000,CVN[1534]ESYKK
N,1534,PXD026629,20180904YLJ-VSV4h-02.ipc,19274,1010,MN[1534]YTGGDTCHK
N,1534,PXD026629,20180904YLJ-VSV4h-02.ipc,23671,1805,SCN[1534]ISVTEK
N,1819,PXD026629,20180904YLJ-VSV4h-02.ipc,14598,359,N[1819]ATLAEQAK
N,1819,PXD026629,20180904YLJ-VSV4h-02.ipc,49673,7127,YLN[1819]FTASEMTSK
N,1819,PXD026629,20180904YLJ-VSV4h-02.ipc,53919,8162,ITCFNN[1819]FSLAAPESSPHPAHSQVVSTGYSR
N,1819,PXD026629,20180904YLJ-VSV4h-02.ipc,54916,8537,GLVSGGVYNSHVGCLPYTIPPCEHHVN[1819]GSRPPCTGEGDTPR
N,1819,PXD026629,20180904YLJ-VSV4h-02.ipc,55963,8929,VDEGEECDPGIM[147]YLNN[1819]DTCCNSDCTLKPGVQCSDR
N,1963,PXD026629,20180904YLJ-VSV4h-02.ipc,14633,374,N[1963]ATLAEQAK
N,1963,PXD026629,20180904YLJ-VSV4h-02.ipc,42891,5766,PLNN[1963]NSEGDAEGFGSDPQQCANNDSAQK
N,1963,PXD026629,20180904YLJ-VSV4h-02.ipc,72411,12449,CFNAMEVDALN[1963]SSHPVSTPVENPAQIR
N,1963,PXD026629,20180904YLJ-VSV0h-03.ipc,70503,12027,IQNILSEKPSVTTVYINN[1963]GSVLQGSSVATIYDR
N,1963,PXD026629,YangLuJie-LPS4h-2.ipc,39333,4015,IAPASN[1963]VSHTVVLRPLK
N,2134,PXD026629,20180904YLJ-VSV4h-02.ipc,14648,376,N[2134]ATLAEQAK
N,2134,PXD026629,20180831YLJ-H6h-02.ipc,53400,7234,DPLQVCPSAGSQPVLNAGPWGDYLCDSPWALIN[2134]SSLYAM[147]KEIEPK
N,2134,PXD026629,YangLuJie-LPS4h-2.ipc,52917,6622,KGLVSGGVYNSHVGCLPYTIPPCEHHVN[2134]GSR
N,2134,PXD026629,20180831YLJ-H0h-01.ipc,48599,6658,NIFSFYLNRDPEGQPGGELMLGGTDSKYYHGELSYLN[2134]VTR
N,2134,PXD026629,YangLuJie-LPS8h-3.ipc,71178,10085,TDDEVVQREEEAIQLDGLN[2134]ASQIRELR
N,1696,PXD026629,20180904YLJ-VSV4h-02.ipc,15439,522,CLN[1696]HTTQK
N,1696,PXD026629,20180904YLJ-VSV4h-02.ipc,15804,566,AN[1696]HSHSGDYYCK
N,1696,PXD026629,20180904YLJ-VSV4h-02.ipc,19433,1042,GPGIKPN[1696]QTSK
N,1696,PXD026629,20180904YLJ-VSV4h-02.ipc,23209,1703,SCN[1696]ISVTEK
N,1696,PXD026629,20180904YLJ-VSV4h-02.ipc,23792,1833,KIETN[1696]YTK
N,1209,PXD026629,20180904YLJ-VSV4h-02.ipc,15449,524,LN[1209]NSQIK
N,1209,PXD026629,20180904YLJ-VSV4h-02.ipc,20181,1151,MN[1209]YTGGDTCHK
N,1209,PXD026629,20180904YLJ-VSV4h-02.ipc,23145,1688,SVYN[1209]CSGEACSGHNR
N,1209,PXD026629,20180904YLJ-VSV4h-02.ipc,53117,7895,KGLVSGGVYNSHVGCLPYTIPPCEHHVN[1209]GSRPPCTGEGDTPR
N,1209,PXD026629,20180904YLJ-VSV4h-02.ipc,54601,8411,GLVSGGVYNSHVGCLPYTIPPCEHHVN[1209]GSRPPCTGEGDTPR
N,2190,PXD026629,20180904YLJ-VSV4h-02.ipc,15582,533,N[2190]GTPYNNEK
N,2190,PXD026629,20180904YLJ-VSV4h-02.ipc,16249,634,GLIGHNN[2190]K
N,2190,PXD026629,20180904YLJ-VSV4h-02.ipc,17113,739,AN[2190]HSHSGDYYCK
N,2190,PXD026629,20180904YLJ-VSV4h-02.ipc,18169,847,CDMDGQN[2190]R
N,2190,PXD026629,20180904YLJ-VSV4h-02.ipc,18528,904,LN[2190]NSQIK
N,2465,PXD026629,20180904YLJ-VSV4h-02.ipc,15992,603,KN[2465]DSGAYR
N,2465,PXD026629,20180904YLJ-VSV4h-02.ipc,20220,1163,IRN[2465]VSDTTKR
N,2465,PXD026629,20180904YLJ-VSV4h-02.ipc,25232,2028,EQN[2465]YTCR
N,2465,PXD026629,20180904YLJ-VSV4h-02.ipc,25650,2085,LSQLKKN[2465]DSGAYR
N,2465,PXD026629,20180904YLJ-VSV4h-02.ipc,27659,2415,GDHGAN[2465]FSCR
N,2061,PXD026629,20180904YLJ-VSV4h-02.ipc,16129,616,AN[2061]HSHSGDYYCK
N,2061,PXD026629,20180904YLJ-VSV4h-02.ipc,17178,750,EQN[2061]YTCR
N,2061,PXD026629,20180904YLJ-VSV4h-02.ipc,22040,1473,N[2061]VTNAEGIK
N,2061,PXD026629,20180904YLJ-VSV4h-02.ipc,22188,1505,SVYN[2061]CSGEACSGHNR
N,2061,PXD026629,20180904YLJ-VSV4h-02.ipc,24061,1867,VVN[2061]STTGPGEHLR
N,2352,PXD026629,20180904YLJ-VSV4h-02.ipc,16159,623,GLIGHNN[2352]K
N,2352,PXD026629,20180904YLJ-VSV4h-02.ipc,17112,738,IRN[2352]VSDTTKR
N,2352,PXD026629,20180904YLJ-VSV4h-02.ipc,17944,818,CDMDGQN[2352]R
N,2352,PXD026629,20180904YLJ-VSV4h-02.ipc,20090,1136,EQN[2352]YTCR
N,2352,PXD026629,20180904YLJ-VSV4h-02.ipc,22386,1553,AIVASENN[2352]M[147]SR
N,1355,PXD026629,20180904YLJ-VSV4h-02.ipc,16237,631,N[1355]GTPYNNEK
N,1355,PXD026629,20180904YLJ-VSV4h-02.ipc,22778,1619,N[1355]ETHSICSACDESCK
N,1355,PXD026629,20180904YLJ-VSV4h-02.ipc,26441,2220,SYN[1355]DSVDPR
N,1355,PXD026629,20180904YLJ-VSV4h-02.ipc,26715,2271,AGIN[1355]ASYSEK
N,1355,PXD026629,20180904YLJ-VSV4h-02.ipc,42360,5660,FTFTSHTPGEHQICLHSN[1355]STK
N,1987,PXD026629,20180904YLJ-VSV4h-02.ipc,16644,693,AN[1987]HSHSGDYYCK
N,1987,PXD026629,20180904YLJ-VSV4h-02.ipc,19897,1111,EQN[1987]YTCR
N,1987,PXD026629,20180904YLJ-VSV4h-02.ipc,20187,1152,VN[1987]KTEEDYAR
N,1987,PXD026629,20180904YLJ-VSV4h-02.ipc,25113,2013,N[1987]FSSHINR
N,1987,PXD026629,20180904YLJ-VSV4h-02.ipc,27725,2428,SCN[1987]ISVTEK
N,2789,PXD026629,20180904YLJ-VSV4h-02.ipc,17028,732,LN[2789]NSQIK
N,2789,PXD026629,20180904YLJ-VSV0h-03.ipc,41749,4903,FTCN[2789]QTTDVIIIHSK
N,2789,PXD026629,20180904YLJ-VSV0h-03.ipc,50081,6678,AN[2789]TSICLEWK
N,2789,PXD026629,20180831YLJ-H6h-01.ipc,26122,2001,N[2789]ATLVNEADK
N,2789,PXD026629,YangLuJie-LPS4h-2.ipc,75840,11110,TVVTEAGNLLKDN[2789]ATQEEILHYLEK
N,1006,PXD026629,20180904YLJ-VSV4h-02.ipc,17173,749,AN[1006]HSHSGDYYCK
N,1006,PXD026629,20180904YLJ-VSV4h-02.ipc,18520,901,VN[1006]KTEEDYAR
N,1006,PXD026629,20180904YLJ-VSV4h-02.ipc,20510,1208,MN[1006]YTGGDTCHK
N,1006,PXD026629,20180904YLJ-VSV4h-02.ipc,23047,1668,SVYN[1006]CSGEACSGHNR
N,1006,PXD026629,20180904YLJ-VSV4h-02.ipc,40422,5158,SSSHLPPSSYFN[1006]ASGR
N,1663,PXD026629,20180904YLJ-VSV4h-02.ipc,17236,756,AN[1663]HSHSGDYYCK
N,1663,PXD026629,20180904YLJ-VSV4h-02.ipc,18645,920,LN[1663]NSQIK
N,1663,PXD026629,20180904YLJ-VSV4h-02.ipc,20154,1146,ASSSFRPN[1663]GTK
N,1663,PXD026629,20180904YLJ-VSV4h-02.ipc,20605,1220,EQN[1663]YTCR
N,1663,PXD026629,20180904YLJ-VSV4h-02.ipc,31863,3217,KLN[1663]YTLK
N,1639,PXD026629,20180904YLJ-VSV4h-02.ipc,17659,793,VN[1639]KTEEDYAR
N,1639,PXD026629,20180904YLJ-VSV4h-02.ipc,45286,6230,YYHGELSYLN[1639]VTRK
N,1639,PXD026629,20180904YLJ-VSV4h-02.ipc,46359,6439,IDETGSTPGYEGEGEGDKN[1639]ISR
N,1639,PXD026629,20180904YLJ-VSV4h-02.ipc,48140,6787,ECHTIQN[1639]YTLWR
N,1639,PXD026629,20180904YLJ-VSV4h-02.ipc,50010,7196,YYHGELSYLN[1639]VTR
N,1559,PXD026629,20180904YLJ-VSV4h-02.ipc,17809,806,N[1559]ATLAEQAK
N,1559,PXD026629,20180904YLJ-VSV4h-02.ipc,22834,1629,N[1559]ETHSICSACDESCK
N,1559,PXD026629,20180904YLJ-VSV4h-02.ipc,25121,2014,NGN[1559]ATLLR
N,1559,PXD026629,20180904YLJ-VSV4h-02.ipc,25454,2060,LGN[1559]ETLQR
N,1559,PXD026629,20180904YLJ-VSV4h-02.ipc,25582,2072,IM[147]ESHPN[1559]GTFSAK
N,2393,PXD026629,20180904YLJ-VSV4h-02.ipc,17954,820,LN[2393]NSQIK
N,2393,PXD026629,20180904YLJ-VSV4h-02.ipc,40611,5222,N[2393]ATLVNEADKLR
N,2393,PXD026629,20180904YLJ-VSV4h-02.ipc,44901,6171,KAADAHVDAHYYEQNEQPTGTCAACITGGN[2393]R
N,2393,PXD026629,20180904YLJ-VSV4h-02.ipc,45184,6219,AVN[2393]QTGALYQCDYSTSR
N,2393,PXD026629,20180904YLJ-VSV4h-02.ipc,50994,7459,KAWGISVLNPN[2393]KTK
N,2028,PXD026629,20180904YLJ-VSV4h-02.ipc,18088,836,N[2028]GTPYNNEK
N,2028,PXD026629,20180904YLJ-VSV4h-02.ipc,18752,934,LN[2028]NSQIK
N,2028,PXD026629,20180904YLJ-VSV4h-02.ipc,20703,1234,EQN[2028]YTCR
N,2028,PXD026629,20180904YLJ-VSV4h-02.ipc,25095,2009,SVYN[2028]CSGEACSGHNR
N,2028,PXD026629,20180904YLJ-VSV4h-02.ipc,26103,2162,N[2028]VTNAEGIK
N,2758,PXD026629,20180904YLJ-VSV4h-02.ipc,18120,840,LN[2758]NSQIK
N,2758,PXD026629,20180904YLJ-VSV4h-02.ipc,40108,5078,N[2758]ATLVNEADKLR
N,2758,PXD026629,20180904YLJ-VSV4h-02.ipc,53811,8122,NDRN[2758]LSDEIFLR
N,2758,PXD026629,20180904YLJ-VSV4h-02.ipc,78472,13737,DLPIVFDVLIHDPSHFLN[2758]DSAISYK
N,2758,PXD026629,20180904YLJ-VSV0h-03.ipc,71275,12186,YSVQHMYFTYN[2758]LSDTEHFPNAISK
N,2572,PXD026629,20180904YLJ-VSV4h-02.ipc,18156,844,LN[2572]NSQIK
N,2572,PXD026629,20180904YLJ-VSV4h-02.ipc,25680,2090,AIVASENN[2572]MSR
N,2572,PXD026629,20180904YLJ-VSV4h-02.ipc,27582,2401,EASN[2572]HSSGAGLVQINK
N,2572,PXD026629,20180904YLJ-VSV4h-02.ipc,38172,4621,YHHYSSN[2572]FSIPK
N,2572,PXD026629,20180904YLJ-VSV4h-02.ipc,40588,5212,KAWGISVLNPN[2572]KTK
N,2012,PXD026629,20180904YLJ-VSV4h-02.ipc,18750,933,N[2012]GTPYNNEK
N,2012,PXD026629,20180904YLJ-VSV4h-02.ipc,18976,969,SQNCHN[2012]SSSR
N,2012,PXD026629,20180904YLJ-VSV4h-02.ipc,28644,2622,ATVACAN[2012]ATVTSS
N,2012,PXD026629,20180904YLJ-VSV4h-02.ipc,32273,3352,EASN[2012]HSSGAGLVQINK
N,2012,PXD026629,20180904YLJ-VSV4h-02.ipc,33467,3609,FGTCSQLCN[2012]NTK
N,2174,PXD026629,20180904YLJ-VSV4h-02.ipc,18834,945,CDMDGQN[2174]R
N,2174,PXD026629,20180904YLJ-VSV4h-02.ipc,20302,1179,KN[2174]ASNMEYR
N,2174,PXD026629,20180904YLJ-VSV4h-02.ipc,20854,1261,EQN[2174]YTCR
N,2174,PXD026629,20180904YLJ-VSV4h-02.ipc,23480,1752,TN[2174]STQVSDVR
N,2174,PXD026629,20180904YLJ-VSV4h-02.ipc,25725,2103,N[2174]ASNMEYR
N,2481,PXD026629,20180904YLJ-VSV4h-02.ipc,18909,957,IRN[2481]VSDTTKR
N,2481,PXD026629,20180904YLJ-VSV4h-02.ipc,22200,1508,CDMDGQN[2481]R
N,2481,PXD026629,20180904YLJ-VSV4h-02.ipc,22903,1644,KN[2481]ASNMEYR
N,2481,PXD026629,20180904YLJ-VSV4h-02.ipc,23101,1680,N[2481]GTPYNNEK
N,2481,PXD026629,20180904YLJ-VSV4h-02.ipc,25585,2074,ATVN[2481]DSGEYR
N,2207,PXD026629,20180904YLJ-VSV4h-02.ipc,19265,1008,LN[2207]NSQIK
N,2207,PXD026629,20180904YLJ-VSV4h-02.ipc,19492,1050,AIVASENN[2207]M[147]SR
N,2207,PXD026629,20180904YLJ-VSV4h-02.ipc,21853,1429,LSQLKKN[2207]DSGAYR
N,2207,PXD026629,20180904YLJ-VSV4h-02.ipc,24084,1871,NGN[2207]ATLLR
N,2207,PXD026629,20180904YLJ-VSV4h-02.ipc,26314,2194,GCKDN[2207]ATDSVPLR
N,1988,PXD026629,20180904YLJ-VSV4h-02.ipc,19465,1045,DN[1988]HTSCAECLK
N,1988,PXD026629,20180904YLJ-VSV4h-02.ipc,54519,8381,YYHGELSYLN[1988]VTR
N,1988,PXD026629,20180904YLJ-VSV4h-02.ipc,54698,8451,GLVSGGVYNSHVGCLPYTIPPCEHHVN[1988]GSRPPCTGEGDTPR
N,1988,PXD026629,20180904YLJ-VSV0h-03.ipc,35541,3395,NNIHFPGHN[1988]YTTR
N,1988,PXD026629,20180831YLJ-H6h-01.ipc,66326,10558,TVTRAFN[1988]ISPNDTSSGSCGINLVTLK
N,2256,PXD026629,20180904YLJ-VSV4h-02.ipc,19548,1057,DN[2256]HTSCAECLK
N,2256,PXD026629,20180904YLJ-VSV4h-02.ipc,64647,11146,TN[2256]SSFIQGFVDHVKEDCDR
N,2256,PXD026629,20180831YLJ-H6h-02.ipc,40788,4247,IAPASN[2256]VSHTVVLRPLK
N,2256,PXD026629,20180904YLJ-VSV6h-01.ipc,68127,11853,AFNISPN[2256]DTSSGSCGINLVTLK
N,2256,PXD026629,20180904YLJ-VSV6h-01.ipc,77361,13932,VTFIN[2256]TTRVDSDM[147]NDAYLGYASAVILR
N,2305,PXD026629,20180904YLJ-VSV4h-02.ipc,19586,1063,CICDEGYQPPM[147]CEDCPSCGSHCRDN[2305]HTSCAECLK
N,2305,PXD026629,20180904YLJ-VSV4h-02.ipc,53814,8124,KGLVSGGVYNSHVGCLPYTIPPCEHHVN[2305]GSR
N,2305,PXD026629,20180904YLJ-VSV4h-02.ipc,58082,9690,GLVSGGVYNSHVGCLPYTIPPCEHHVN[2305]GSR
N,2305,PXD026629,20180904YLJ-VSV0h-03.ipc,52594,7285,KGLVSGGVYNSHVGCLPYTIPPCEHHVN[2305]GSRPPCTGEGDTPR
N,2305,PXD026629,20180831YLJ-H6h-02.ipc,38195,3646,SVLEN[2305]TTSYEEAK
N,2287,PXD026629,20180904YLJ-VSV4h-02.ipc,19603,1065,DN[2287]HTSCAECLK
N,2287,PXD026629,20180904YLJ-VSV4h-02.ipc,64322,11090,LVSDVQTAVKTN[2287]SSFIQGFVDHVKEDCDR
N,2287,PXD026629,20180904YLJ-VSV4h-02.ipc,79941,13853,GPPGAAGYPGNPGLPGIPGQDGPPGPPGIPGCN[2287]GTKGER
N,2287,PXD026629,20180904YLJ-VSV0h-03.ipc,49458,6540,QDSN[2287]RSEKETTQVVQEAEPESGAQPR
N,2287,PXD026629,20180831YLJ-H6h-01.ipc,66349,10562,AFNISPN[2287]DTSSGSCGINLVTLK
N,1883,PXD026629,20180904YLJ-VSV4h-02.ipc,19783,1090,AIVASENN[1883]M[147]SR
N,1883,PXD026629,20180904YLJ-VSV4h-02.ipc,20078,1134,TN[1883]STQVSDVR
N,1883,PXD026629,20180904YLJ-VSV4h-02.ipc,26946,2298,AIVASENN[1883]MSR
N,1883,PXD026629,20180904YLJ-VSV4h-02.ipc,28477,2594,VGNVECGEGHFCHDN[1883]QTCCK
N,1883,PXD026629,20180904YLJ-VSV4h-02.ipc,28673,2627,VFKTN[1883]STQVSDVR
N,2045,PXD026629,20180904YLJ-VSV4h-02.ipc,20003,1121,TN[2045]STQVSDVR
N,2045,PXD026629,20180904YLJ-VSV4h-02.ipc,21927,1446,LSQLKKN[2045]DSGAYR
N,2045,PXD026629,20180904YLJ-VSV4h-02.ipc,22617,1598,ATVN[2045]DSGEYR
N,2045,PXD026629,20180904YLJ-VSV4h-02.ipc,24256,1894,NGN[2045]ATLLR
N,2045,PXD026629,20180904YLJ-VSV4h-02.ipc,25205,2026,NACCSVN[2045]TSQELHK
N,1575,PXD026629,20180904YLJ-VSV4h-02.ipc,20191,1153,MN[1575]YTGGDTCHK
N,1575,PXD026629,20180904YLJ-VSV4h-02.ipc,23639,1800,AN[1575]HSHSGDYYCK
N,1575,PXD026629,20180904YLJ-VSV4h-02.ipc,28508,2602,KLN[1575]YTLK
N,1575,PXD026629,20180904YLJ-VSV4h-02.ipc,36154,4187,HEEGHMLN[1575]CTCFGQGR
N,1575,PXD026629,20180904YLJ-VSV4h-02.ipc,50832,7421,SSARSLLEFN[1575]TTMGCQPSDSQHR
N,1413,PXD026629,20180904YLJ-VSV4h-02.ipc,20217,1162,VLN[1413]STGHDVAR
N,1413,PXD026629,20180904YLJ-VSV4h-02.ipc,20288,1177,MN[1413]YTGGDTCHK
N,1413,PXD026629,20180904YLJ-VSV4h-02.ipc,24850,1983,VVN[1413]STTGPGEHLR
N,1413,PXD026629,20180904YLJ-VSV4h-02.ipc,36096,4173,KLN[1413]YTLK
N,1413,PXD026629,20180904YLJ-VSV4h-02.ipc,40591,5213,VFGSQN[1413]LTTVK
N,2191,PXD026629,20180904YLJ-VSV4h-02.ipc,20232,1164,EQN[2191]YTCR
N,2191,PXD026629,20180904YLJ-VSV4h-02.ipc,28496,2598,NGN[2191]ATLLR
N,2191,PXD026629,20180904YLJ-VSV4h-02.ipc,31670,3166,EASN[2191]HSSGAGLVQINK
N,2191,PXD026629,20180904YLJ-VSV4h-02.ipc,32738,3463,FGTCSQLCN[2191]NTK
N,2191,PXD026629,20180904YLJ-VSV4h-02.ipc,36480,4256,RMHLN[2191]GSNVQVLHR
N,3162,PXD026629,20180904YLJ-VSV4h-02.ipc,20781,1248,KN[3162]STAYFR
N,3162,PXD026629,20180904YLJ-VSV4h-02.ipc,66023,11343,DMSDGFISN[3162]LTIQR
N,3162,PXD026629,20180831YLJ-H6h-01.ipc,61648,9608,GLVSGGVYNSHVGCLPYTIPPCEHHVN[3162]GSRPPCTGEGDTPR
N,3162,PXD026629,20180831YLJ-H6h-02.ipc,71119,11592,TAADATGLQPILNQFTPAN[3162]VSR
N,3162,PXD026629,YangLuJie-M0-3.ipc,77782,14494,YGIVVIDECPGVGIVLPQSFGN[3162]ESLR
N,3080,PXD026629,20180904YLJ-VSV4h-02.ipc,22078,1479,LN[3080]NSQIK
N,3080,PXD026629,20180904YLJ-VSV4h-02.ipc,70641,12094,AFNISPN[3080]DTSSGSCGINLVTLK
N,3080,PXD026629,20180904YLJ-VSV0h-03.ipc,72577,12537,YSVQHMYFTYN[3080]LSDTEHFPNAISK
N,3080,PXD026629,20180831YLJ-H6h-01.ipc,44727,5674,N[3080]ATLVNEADKLR
N,3080,PXD026629,20180831YLJ-H6h-01.ipc,69563,11171,N[3080]ISSHSNIIFSNGELDPWSGGGVTR
N,2428,PXD026629,20180904YLJ-VSV4h-02.ipc,23082,1676,N[2428]FSSHINR
N,2428,PXD026629,20180904YLJ-VSV4h-02.ipc,52342,7728,GLVSGGVYNSHVGCLPYTIPPCEHHVN[2428]GSRPPCTGEGDTPR
N,2428,PXD026629,20180831YLJ-H6h-01.ipc,50975,7001,VISNN[2428]CTSYGVLDIGK
N,2428,PXD026629,20180831YLJ-H6h-02.ipc,65771,10446,AFNISPN[2428]DTSSGSCGINLVTLK
N,2428,PXD026629,YangLuJie-LPS4h-2.ipc,57640,7738,N[2428]LSDEIFLR
N,1314,PXD026629,20180904YLJ-VSV4h-02.ipc,23695,1812,N[1314]FSSHINR
N,1314,PXD026629,20180904YLJ-VSV4h-02.ipc,36719,4306,SVLEN[1314]TTSYEEAK
N,1314,PXD026629,20180904YLJ-VSV4h-02.ipc,50744,7397,N[1314]VSGTWEFTCQHGELECR
N,1314,PXD026629,20180904YLJ-VSV4h-02.ipc,51170,7497,YYHGELSYLN[1314]VTR
N,1314,PXD026629,20180904YLJ-VSV4h-02.ipc,52234,7702,SDLNPAN[1314]GSYPFQALHQR
N,1680,PXD026629,20180904YLJ-VSV4h-02.ipc,23786,1832,N[1680]FSSHINR
N,1680,PXD026629,20180904YLJ-VSV4h-02.ipc,27159,2326,ATHN[1680]DSGSYFCR
N,1680,PXD026629,20180904YLJ-VSV4h-02.ipc,27755,2436,N[1680]QSVPLSCCR
N,1680,PXD026629,20180904YLJ-VSV4h-02.ipc,28540,2605,VGNVECGEGHFCHDN[1680]QTCCK
N,1680,PXD026629,20180904YLJ-VSV4h-02.ipc,29075,2683,EASN[1680]HSSGAGLVQINK
N,1981,PXD026629,20180904YLJ-VSV4h-02.ipc,23811,1838,N[1981]STTLVM[147]HMK
N,1981,PXD026629,20180904YLJ-VSV4h-02.ipc,49357,7050,NYKNPN[1981]LTISFTAER
N,1981,PXD026629,20180904YLJ-VSV4h-02.ipc,55610,8805,GLVSGGVYNSHVGCLPYTIPPCEHHVN[1981]GSRPPCTGEGDTPR
N,1981,PXD026629,20180904YLJ-VSV4h-02.ipc,59308,10022,GLVSGGVYNSHVGCLPYTIPPCEHHVN[1981]GSR
N,1981,PXD026629,20180904YLJ-VSV4h-02.ipc,61937,10626,CFNAM[147]EVDALN[1981]SSHPVSTPVENPAQIR
N,2701,PXD026629,20180904YLJ-VSV4h-02.ipc,24473,1927,LN[2701]NSQIK
N,2701,PXD026629,20180904YLJ-VSV4h-02.ipc,52044,7657,GLVSGGVYNSHVGCLPYTIPPCEHHVN[2701]GSRPPCTGEGDTPRCNK
N,2701,PXD026629,20180904YLJ-VSV4h-02.ipc,52774,7819,NDRN[2701]LSDEIFLR
N,2701,PXD026629,20180904YLJ-VSV4h-02.ipc,57289,9416,GLVSGGVYNSHVGCLPYTIPPCEHHVN[2701]GSRPPCTGEGDTPR
N,2701,PXD026629,20180904YLJ-VSV4h-02.ipc,70980,12140,AFNISPN[2701]DTSSGSCGINLVTLK
N,2613,PXD026629,20180904YLJ-VSV4h-02.ipc,25429,2054,NPNN[2613]NTIHPNLR
N,2613,PXD026629,20180904YLJ-VSV4h-02.ipc,40412,5154,KAWGISVLNPN[2613]KTK
N,2613,PXD026629,20180904YLJ-VSV4h-02.ipc,47499,6659,NDRN[2613]LSDEIFLR
N,2613,PXD026629,20180904YLJ-VSV4h-02.ipc,65838,11308,AFNISPN[2613]DTSSGSCGINLVTLK
N,2613,PXD026629,20180904YLJ-VSV4h-02.ipc,65912,11320,AFN[2613]ISPNDTSSGSCGINLVTLK
N,2319,PXD026629,20180904YLJ-VSV4h-02.ipc,25432,2056,EQN[2319]YTCR
N,2319,PXD026629,20180904YLJ-VSV4h-02.ipc,27054,2313,VLN[2319]STGHDVAR
N,2319,PXD026629,20180904YLJ-VSV4h-02.ipc,28575,2611,SVYN[2319]CSGEACSGHNR
N,2319,PXD026629,20180904YLJ-VSV4h-02.ipc,37291,4429,KLN[2319]YTLK
N,2319,PXD026629,20180904YLJ-VSV4h-02.ipc,38416,4665,DIILHSTGHN[2319]ISR
N,3519,PXD026629,20180904YLJ-VSV4h-02.ipc,25441,2059,YPHNHHVVNNTLEGN[3519]CSSK
N,3519,PXD026629,20180904YLJ-VSV4h-02.ipc,53173,7907,KGLVSGGVYNSHVGCLPYTIPPCEHHVN[3519]GSR
N,3519,PXD026629,20180904YLJ-VSV4h-02.ipc,55032,8583,GLVSGGVYNSHVGCLPYTIPPCEHHVN[3519]GSR
N,3519,PXD026629,20180904YLJ-VSV4h-02.ipc,58433,9812,NDRN[3519]LSDEIFLR
N,3519,PXD026629,20180831YLJ-H6h-02.ipc,72152,11865,GYLLTLN[3519]FTK
N,317,PXD026629,20180904YLJ-VSV4h-02.ipc,25583,2073,TVQN[317]SSVSPSSSSSSSSTGETQTQSSSR
N,317,PXD026629,20180904YLJ-VSV4h-02.ipc,27428,2369,ASPDQN[317]ASTHTPQSSAKPSVPSSK
N,317,PXD026629,20180904YLJ-VSV4h-02.ipc,35091,3933,KGTTTN[317]ATATSTSTASTAVADAQK
N,317,PXD026629,20180904YLJ-VSV4h-02.ipc,55224,8660,GN[317]YSRTPTYSGVPSASYSGPGPGMGINANNQM[147]HGQGPAQPCGAM[147]PLGR
N,317,PXD026629,20180904YLJ-VSV4h-02.ipc,57088,9341,KGLVSGGVYNSHVGCLPYTIPPCEHHVN[317]GSRPPCTGEGDTPR
N,1866,PXD026629,20180904YLJ-VSV4h-02.ipc,25695,2094,SVYN[1866]CSGEACSGHNR
N,1866,PXD026629,20180904YLJ-VSV4h-02.ipc,35955,4136,SVLEN[1866]TTSYEEAK
N,1866,PXD026629,20180904YLJ-VSV4h-02.ipc,41667,5513,KLN[1866]YTLK
N,1866,PXD026629,20180904YLJ-VSV4h-02.ipc,52252,7706,GLVSGGVYNSHVGCLPYTIPPCEHHVN[1866]GSRPPCTGEGDTPRCNK
N,1866,PXD026629,20180904YLJ-VSV4h-02.ipc,52574,7779,GLVSGGVYNSHVGCLPYTIPPCEHHVNGSRPPCTGEGDTPRCN[1866]K
N,2369,PXD026629,20180904YLJ-VSV4h-02.ipc,25909,2131,ATVN[2369]DSGEYR
N,2369,PXD026629,20180904YLJ-VSV4h-02.ipc,30069,2882,AIVASENN[2369]MSR
N,2369,PXD026629,20180904YLJ-VSV4h-02.ipc,31385,3096,KNACCSVN[2369]TSQELHK
N,2369,PXD026629,20180904YLJ-VSV4h-02.ipc,32455,3401,FGTCSQLCN[2369]NTK
N,2369,PXD026629,20180904YLJ-VSV4h-02.ipc,36907,4333,IVDVN[2369]LTSEGK
N,2248,PXD026629,20180904YLJ-VSV4h-02.ipc,26289,2191,AIVASENN[2248]MSR
N,2248,PXD026629,20180904YLJ-VSV4h-02.ipc,40391,5149,KLN[2248]YTLK
N,2248,PXD026629,20180904YLJ-VSV4h-02.ipc,41164,5376,KAWGISVLNPN[2248]KTK
N,2248,PXD026629,20180904YLJ-VSV4h-02.ipc,43115,5822,DIILHSTGHN[2248]ISR
N,2248,PXD026629,20180904YLJ-VSV4h-02.ipc,45190,6220,KAWGISVLNPN[2248]K
N,1518,PXD026629,20180904YLJ-VSV4h-02.ipc,26345,2200,AGIN[1518]ASYSEK
N,1518,PXD026629,20180904YLJ-VSV4h-02.ipc,28018,2495,N[1518]QSVPLSCCR
N,1518,PXD026629,20180904YLJ-VSV4h-02.ipc,28586,2615,VGNVECGEGHFCHDN[1518]QTCCK
N,1518,PXD026629,20180904YLJ-VSV4h-02.ipc,34423,3800,DLGPALAN[1518]SSHDVK
N,1518,PXD026629,20180904YLJ-VSV4h-02.ipc,36514,4263,SVLEN[1518]TTSYEEAK
N,2223,PXD026629,20180904YLJ-VSV4h-02.ipc,26560,2243,AIVASENN[2223]MSR
N,2223,PXD026629,20180904YLJ-VSV4h-02.ipc,37604,4512,VTQQSPTSM[147]NQVN[2223]LTCR
N,2223,PXD026629,20180904YLJ-VSV4h-02.ipc,39669,4965,AVN[2223]QTGALYQCDYSTSR
N,2223,PXD026629,20180904YLJ-VSV4h-02.ipc,45490,6269,VTQQSPTSMNQVN[2223]LTCR
N,2223,PXD026629,20180904YLJ-VSV4h-02.ipc,49572,7103,YAIYMIVTSDESSIRYLN[2223]FTASEMTSK
N,2904,PXD026629,20180904YLJ-VSV4h-02.ipc,28266,2550,NPNN[2904]NTIHPNLR
N,2904,PXD026629,20180904YLJ-VSV4h-02.ipc,52815,7825,NDRN[2904]LSDEIFLR
N,2904,PXD026629,20180904YLJ-VSV4h-02.ipc,77604,13581,TVVTEAGNLLKDN[2904]ATQEEILHYLEK
N,2904,PXD026629,20180904YLJ-VSV4h-02.ipc,78493,13741,DLPIVFDVLIHDPSHFLN[2904]DSAISYK
N,2904,PXD026629,20180904YLJ-VSV0h-03.ipc,59090,9581,YHYN[2904]GTLLDGTAFDNSYSR
N,2539,PXD026629,20180904YLJ-VSV4h-02.ipc,28454,2591,NPNN[2539]NTIHPNLR
N,2539,PXD026629,20180904YLJ-VSV4h-02.ipc,45901,6361,FTFTSHTPGEHQICLHSN[2539]STK
N,2539,PXD026629,20180904YLJ-VSV4h-02.ipc,48935,6965,SGQEDHYWLDVEKN[2539]QSAK
N,2539,PXD026629,20180904YLJ-VSV4h-02.ipc,52994,7859,KGLVSGGVYNSHVGCLPYTIPPCEHHVN[2539]GSRPPCTGEGDTPR
N,2539,PXD026629,20180904YLJ-VSV4h-02.ipc,53395,7979,NDRN[2539]LSDEIFLR
N,1721,PXD026629,20180904YLJ-VSV4h-02.ipc,28541,2606,VGNVECGEGHFCHDN[1721]QTCCK
N,1721,PXD026629,20180904YLJ-VSV4h-02.ipc,28987,2666,EASN[1721]HSSGAGLVQINK
N,1721,PXD026629,20180904YLJ-VSV4h-02.ipc,39971,5042,SEGAN[1721]GTMATAAIQPK
N,1721,PXD026629,20180904YLJ-VSV4h-02.ipc,41894,5572,FTFTSHTPGEHQICLHSN[1721]STK
N,1721,PXD026629,20180904YLJ-VSV4h-02.ipc,50028,7199,YYHGELSYLN[1721]VTR
N,1826,PXD026629,20180904YLJ-VSV4h-02.ipc,30295,2909,MVDSM[147]EN[1826]ESYSESSLNFKKHHR
N,1826,PXD026629,20180904YLJ-VSV4h-02.ipc,31210,3065,SPASPASSGSFN[1826]HSPHSSGGASGIGGMSR
N,1826,PXD026629,20180904YLJ-VSV4h-02.ipc,43962,5968,LGIYADVGN[1826]K
N,1826,PXD026629,20180904YLJ-VSV4h-02.ipc,45033,6195,KAWGISVLNPN[1826]KTK
N,1826,PXD026629,20180904YLJ-VSV4h-02.ipc,48100,6778,YYHGELSYLN[1826]VTRK
N,3195,PXD026629,20180904YLJ-VSV4h-02.ipc,31649,3160,NPNN[3195]NTIHPNLR
N,3195,PXD026629,20180904YLJ-VSV4h-02.ipc,59443,10047,NDRN[3195]LSDEIFLR
N,3195,PXD026629,20180904YLJ-VSV4h-02.ipc,78458,13733,DLPIVFDVLIHDPSHFLN[3195]DSAISYK
N,3195,PXD026629,20180904YLJ-VSV0h-03.ipc,41177,4733,N[3195]YTTDLLTK
N,3195,PXD026629,20180904YLJ-VSV0h-03.ipc,75972,13367,TVVTEAGNLLKDN[3195]ATQEEILHYLEK
N,2937,PXD026629,20180904YLJ-VSV4h-02.ipc,31665,3164,M[147]GTCNKADGSGSVVLRN[2937]STTLVMHMK
N,2937,PXD026629,20180904YLJ-VSV4h-02.ipc,46790,6539,NDRN[2937]LSDEIFLR
N,2937,PXD026629,20180904YLJ-VSV4h-02.ipc,65719,11286,ALAGLVYN[2937]SSGTEPCYDIYR
N,2937,PXD026629,20180904YLJ-VSV4h-02.ipc,70792,12113,AFNISPN[2937]DTSSGSCGINLVTLK
N,2937,PXD026629,20180904YLJ-VSV0h-03.ipc,29538,2225,NMVLQN[2937]GTK
N,2889,PXD026629,20180904YLJ-VSV4h-02.ipc,32092,3290,VQPFN[2889]VTK
N,2889,PXD026629,20180904YLJ-VSV4h-02.ipc,52987,7858,KGLVSGGVYNSHVGCLPYTIPPCEHHVN[2889]GSR
N,2889,PXD026629,20180831YLJ-H6h-01.ipc,31078,2697,DIILHSTGHN[2889]ISR
N,2889,PXD026629,20180831YLJ-H6h-01.ipc,53727,7497,EELQAN[2889]GSAPAADKEEPASGSAATPAAAEKDEAAAATEPGAGAADK
N,2889,PXD026629,20180904YLJ-VSV6h-01.ipc,80457,14532,DLPIVFDVLIHDPSHFLN[2889]DSAISYK
N,1704,PXD026629,20180904YLJ-VSV4h-02.ipc,33090,3530,VGNVECGEGHFCHDN[1704]QTCCK
N,1704,PXD026629,20180904YLJ-VSV4h-02.ipc,36579,4283,KEN[1704]SSEICSNNGECVCGQCVCR
N,1704,PXD026629,20180904YLJ-VSV4h-02.ipc,46341,6430,KHGGGGIVAN[1704]LSEQSLK
N,1704,PXD026629,20180904YLJ-VSV4h-02.ipc,51301,7523,KHGGGGIVAN[1704]LSEQSLKDGVDR
N,1704,PXD026629,20180904YLJ-VSV0h-03.ipc,74369,12952,VSINTVN[1704]LTAGPQVMEVTVFR
N,2022,PXD026629,20180904YLJ-VSV4h-02.ipc,33957,3697,AM[147]SSN[2022]ETAAYK
N,2022,PXD026629,20180904YLJ-VSV4h-02.ipc,34741,3861,DN[2022]HTSCAECLKFDK
N,2022,PXD026629,20180904YLJ-VSV4h-02.ipc,45558,6284,IAPASN[2022]VSHTVVLRPLK
N,2022,PXD026629,20180904YLJ-VSV4h-02.ipc,54095,8231,ALMDICDQLEKN[2022]QTK
N,2022,PXD026629,20180904YLJ-VSV4h-02.ipc,54498,8374,KGLVSGGVYNSHVGCLPYTIPPCEHHVN[2022]GSRPPCTGEGDTPR
N,2670,PXD026629,20180904YLJ-VSV4h-02.ipc,34209,3751,N[2670]ISQVLEK
N,2670,PXD026629,20180904YLJ-VSV4h-02.ipc,49944,7185,YYHGELSYLN[2670]VTR
N,2670,PXD026629,20180904YLJ-VSV4h-02.ipc,58233,9743,GLVSGGVYNSHVGCLPYTIPPCEHHVN[2670]GSRPPCTGEGDTPR
N,2670,PXD026629,20180904YLJ-VSV0h-03.ipc,49534,6565,M[147]IEDAIRSHSESASPSALSSSPNN[2670]LSPTGWSQPK
N,2670,PXD026629,20180831YLJ-H6h-02.ipc,38035,3610,SVLEN[2670]TTSYEEAK
N,1940,PXD026629,20180904YLJ-VSV4h-02.ipc,34971,3914,KLN[1940]YTLK
N,1940,PXD026629,20180904YLJ-VSV4h-02.ipc,58079,9689,KGLVSGGVYNSHVGCLPYTIPPCEHHVN[1940]GSR
N,1940,PXD026629,20180904YLJ-VSV4h-02.ipc,58521,9835,GLVSGGVYNSHVGCLPYTIPPCEHHVN[1940]GSRPPCTGEGDTPR
N,1940,PXD026629,20180904YLJ-VSV4h-02.ipc,79222,13785,GPPGAAGYPGNPGLPGIPGQDGPPGPPGIPGCN[1940]GTKGER
N,1940,PXD026629,20180904YLJ-VSV0h-03.ipc,16548,325,LN[1940]NSQIK
N,1842,PXD026629,20180904YLJ-VSV4h-02.ipc,35456,4019,KWGHN[1842]VTEFQQR
N,1842,PXD026629,20180904YLJ-VSV4h-02.ipc,44713,6137,TSRPTDNSIN[1842]VTCGPPYETNGPK
N,1842,PXD026629,20180904YLJ-VSV4h-02.ipc,46439,6457,VTQQSPTSMNQVN[1842]LTCR
N,1842,PXD026629,20180904YLJ-VSV4h-02.ipc,49900,7175,YYHGELSYLN[1842]VTR
N,1842,PXD026629,20180904YLJ-VSV4h-02.ipc,53088,7886,KGLVSGGVYNSHVGCLPYTIPPCEHHVN[1842]GSRPPCTGEGDTPR
N,2184,PXD026629,20180904YLJ-VSV4h-02.ipc,35651,4065,CPTN[2184]NTCCK
N,2184,PXD026629,20180904YLJ-VSV4h-02.ipc,58285,9763,GLVSGGVYNSHVGCLPYTIPPCEHHVN[2184]GSR
N,2184,PXD026629,20180904YLJ-VSV4h-02.ipc,58535,9836,VISNN[2184]CTSYGVLDIGK
N,2184,PXD026629,20180904YLJ-VSV4h-02.ipc,76143,13258,APGCKSELRN[2184]VTNSHSNQPSNEGDAIK
N,2184,PXD026629,20180904YLJ-VSV4h-02.ipc,77100,13491,ILTN[2184]NSQTPILSPQEVVSCSPYAQGCDGGFPYLIAGK
N,3486,PXD026629,20180904YLJ-VSV4h-02.ipc,36807,4323,NPNN[3486]NTIHPNLR
N,3486,PXD026629,20180904YLJ-VSV0h-03.ipc,67695,11476,NDRN[3486]LSDEIFLR
N,3486,PXD026629,YangLuJie-LPS4h-3.ipc,54178,7376,VISNN[3486]CTSYGVLDIGK
N,3486,PXD026629,20180831YLJ-H4h-01.ipc,77147,14641,TVVTEAGNLLKDN[3486]ATQEEILHYLEK
N,3486,PXD026629,20180904YLJ-VSV6h-02.ipc,61704,10532,GLVSGGVYNSHVGCLPYTIPPCEHHVN[3486]GSRPPCTGEGDTPR
N,2225,PXD026629,20180904YLJ-VSV4h-02.ipc,37508,4488,TCVSN[2225]CTASQFVCK
N,2225,PXD026629,20180904YLJ-VSV4h-02.ipc,56608,9151,KGLVSGGVYNSHVGCLPYTIPPCEHHVN[2225]GSRPPCTGEGDTPR
N,2225,PXD026629,20180904YLJ-VSV4h-02.ipc,75834,13192,VSINTVN[2225]LTAGPQVMEVTVFR
N,2225,PXD026629,20180904YLJ-VSV0h-03.ipc,37937,3955,SVLEN[2225]TTSYEEAK
N,2225,PXD026629,20180904YLJ-VSV0h-03.ipc,57490,9088,KGLVSGGVYNSHVGCLPYTIPPCEHHVN[2225]GSR
N,2029,PXD026629,20180904YLJ-VSV4h-02.ipc,37559,4499,IVDVN[2029]LTSEGK
N,2029,PXD026629,20180904YLJ-VSV4h-02.ipc,37623,4516,M[147]HLN[2029]GSNVQVLHR
N,2029,PXD026629,20180904YLJ-VSV4h-02.ipc,43018,5798,FTFTSHTPGEHQICLHSN[2029]STK
N,2029,PXD026629,20180904YLJ-VSV4h-02.ipc,44661,6127,KAWGISVLNPN[2029]KTK
N,2029,PXD026629,20180904YLJ-VSV4h-02.ipc,51975,7639,GLVSGGVYNSHVGCLPYTIPPCEHHVNGSRPPCTGEGDTPRCN[2029]K
N,2522,PXD026629,20180904YLJ-VSV4h-02.ipc,37575,4504,EASN[2522]HSSGAGLVQINK
N,2522,PXD026629,20180904YLJ-VSV4h-02.ipc,49551,7091,SGQEDHYWLDVEKN[2522]QSAK
N,2522,PXD026629,20180904YLJ-VSV4h-02.ipc,58466,9820,KGLVSGGVYNSHVGCLPYTIPPCEHHVN[2522]GSRPPCTGEGDTPR
N,2522,PXD026629,20180904YLJ-VSV4h-02.ipc,63781,10979,GLVSGGVYNSHVGCLPYTIPPCEHHVN[2522]GSRPPCTGEGDTPR
N,2522,PXD026629,20180904YLJ-VSV4h-02.ipc,76298,13291,TVVTEAGNLLKDN[2522]ATQEEILHYLEK
N,2004,PXD026629,20180904YLJ-VSV4h-02.ipc,38223,4630,VTQQSPTSM[147]NQVN[2004]LTCR
N,2004,PXD026629,20180904YLJ-VSV4h-02.ipc,44534,6093,TSRPTDNSIN[2004]VTCGPPYETNGPK
N,2004,PXD026629,20180904YLJ-VSV4h-02.ipc,49701,7132,YYHGELSYLN[2004]VTR
N,2004,PXD026629,20180904YLJ-VSV4h-02.ipc,77824,13623,ELQAPLGQSFCCGN[2004]ASIVLSPAVHLDLLSLR
N,2004,PXD026629,20180904YLJ-VSV0h-03.ipc,43996,5437,AWNPVSQN[2004]SSQPVR
N,3818,PXD026629,20180904YLJ-VSV4h-02.ipc,38562,4696,DQLERTPVLN[3818]CSVAVCK
N,3818,PXD026629,20180904YLJ-VSV4h-02.ipc,55552,8781,GLVSGGVYNSHVGCLPYTIPPCEHHVN[3818]GSR
N,3818,PXD026629,YangLuJie-LPS4h-2.ipc,75687,11060,TEQLIIQAPN[3818]TSVHIYEPYPAGADVPFGPPLNK
N,3818,PXD026629,20180904YLJ-VSV6h-01.ipc,49813,7040,LN[3818]FTGPGEPDSLR
N,3818,PXD026629,20180831YLJ-H0h-01.ipc,55899,8750,N[3818]CSVQCAGMTLQTIPLK
N,3617,PXD026629,20180904YLJ-VSV4h-02.ipc,40160,5088,KLSESSSSCSSIHSMDTN[3617]SSGMSSLINPLSSPPTCNNNPK
N,3617,PXD026629,YangLuJie-M0-3.ipc,74341,13668,YRAEFAVAN[3617]DTGFVDIPQQEK
N,3617,PXD026629,20180904YLJ-VSV4h-03.ipc,41098,5312,N[3617]VSCLWCNENK
N,3617,PXD026629,YangLuJie-M0-1.ipc,78106,14516,YPQDYQFYIQN[3617]FTALPLNTVVPPQR
N,3617,PXD026629,20180904YLJ-VSV0h-01.ipc,50572,7240,YYHGELSYLN[3617]VTR
N,3049,PXD026629,20180904YLJ-VSV4h-02.ipc,40182,5096,NPCTSEQN[3049]CTSPFSYK
N,3049,PXD026629,20180904YLJ-VSV4h-02.ipc,44872,6167,N[3049]ATLVNEADKLR
N,3049,PXD026629,20180904YLJ-VSV4h-02.ipc,53029,7866,KGLVSGGVYNSHVGCLPYTIPPCEHHVN[3049]GSR
N,3049,PXD026629,20180904YLJ-VSV4h-02.ipc,60341,10226,NDRN[3049]LSDEIFLR
N,3049,PXD026629,20180904YLJ-VSV0h-03.ipc,57898,9231,GLVSGGVYNSHVGCLPYTIPPCEHHVN[3049]GSR
N,2337,PXD026629,20180904YLJ-VSV4h-02.ipc,40712,5249,FTFTSHTPGEHQICLHSN[2337]STK
N,2337,PXD026629,20180904YLJ-VSV4h-02.ipc,55450,8743,GLVSGGVYNSHVGCLPYTIPPCEHHVN[2337]GSRPPCTGEGDTPR
N,2337,PXD026629,20180904YLJ-VSV4h-02.ipc,75821,13186,RPYIVPILWLN[2337]ETGTIGDEKAEMFK
N,2337,PXD026629,20180904YLJ-VSV4h-02.ipc,77226,13520,GPPGAAGYPGNPGLPGIPGQDGPPGPPGIPGCN[2337]GTKGER
N,2337,PXD026629,20180904YLJ-VSV0h-03.ipc,53263,7493,KGLVSGGVYNSHVGCLPYTIPPCEHHVN[2337]GSR
N,1971,PXD026629,20180904YLJ-VSV4h-02.ipc,40922,5309,SVLEN[1971]TTSYEEAK
N,1971,PXD026629,20180904YLJ-VSV4h-02.ipc,47017,6581,FN[1971]STQIAAMAPEHEEPR
N,1971,PXD026629,20180904YLJ-VSV4h-02.ipc,47780,6715,TILVDNNTWN[1971]NTHISR
N,1971,PXD026629,20180904YLJ-VSV4h-02.ipc,48600,6877,N[1971]CSVQCAGM[147]TLQTIPLKK
N,1971,PXD026629,20180904YLJ-VSV0h-03.ipc,16484,322,IAN[1971]ETGGHGSGPR
N,2175,PXD026629,20180904YLJ-VSV4h-02.ipc,41047,5346,FTFTSHTPGEHQICLHSN[2175]STK
N,2175,PXD026629,20180904YLJ-VSV4h-02.ipc,41629,5505,FTFTSHTPGDHQICLHSN[2175]STR
N,2175,PXD026629,20180904YLJ-VSV4h-02.ipc,54065,8218,KGLVSGGVYNSHVGCLPYTIPPCEHHVN[2175]GSR
N,2175,PXD026629,20180904YLJ-VSV4h-02.ipc,56585,9139,GLVSGGVYNSHVGCLPYTIPPCEHHVN[2175]GSR
N,2175,PXD026629,20180904YLJ-VSV4h-02.ipc,76078,13243,MYVTN[2175]DTEVAENNYEALKDFFR
N,1502,PXD026629,20180904YLJ-VSV4h-02.ipc,41246,5397,SSRSDIN[1502]CSVMEATEEK
N,1502,PXD026629,20180904YLJ-VSV4h-02.ipc,52189,7694,LEN[1502]LSSTESGYTATLTR
N,1502,PXD026629,20180904YLJ-VSV4h-02.ipc,57240,9397,GLVSGGVYNSHVGCLPYTIPPCEHHVN[1502]GSR
N,1502,PXD026629,20180904YLJ-VSV4h-02.ipc,61876,10612,AEFAVAN[1502]DTGFVDIPQQEK
N,1502,PXD026629,20180904YLJ-VSV0h-03.ipc,54399,7899,KGLVSGGVYNSHVGCLPYTIPPCEHHVN[1502]GSR
N,2578,PXD026629,20180904YLJ-VSV4h-02.ipc,41405,5438,TSRPTDNSIN[2578]VTCGPPYETNGPK
N,2578,PXD026629,20180831YLJ-H6h-02.ipc,74649,12477,TVVTEAGNLLKDN[2578]ATQEEILHYLEK
N,2578,PXD026629,YangLuJie-LPS4h-2.ipc,42697,4765,EDEQSDLVSGELN[2578]DTIEGKDAGGK
N,2578,PXD026629,20180831YLJ-H4h-02.ipc,64045,11244,LN[2578]FTGPGEPDSLR
N,2578,PXD026629,20180904YLJ-VSV6h-01.ipc,54333,8021,NDRN[2578]LSDEIFLR
N,2451,PXD026629,20180904YLJ-VSV4h-02.ipc,41416,5442,N[2451]VSCLWCNENK
N,2451,PXD026629,20180831YLJ-H6h-02.ipc,75655,12700,TVVTEAGNLLKDN[2451]ATQEEILHYLEK
N,2451,PXD026629,20180904YLJ-VSV6h-01.ipc,60880,10153,KEN[2451]ETPR
N,2451,PXD026629,20180904YLJ-VSV6h-01.ipc,62811,10661,YRAEFAVAN[2451]DTGFVDIPQQEK
N,2451,PXD026629,YangLuJie-LPS8h-2.ipc,74993,11926,AFNISPN[2451]DTSSGSCGINLVTLK
N,2070,PXD026629,20180904YLJ-VSV4h-02.ipc,41439,5448,FTFTSHTPGEHQICLHSN[2070]STK
N,2070,PXD026629,20180904YLJ-VSV4h-02.ipc,55878,8892,KGLVSGGVYNSHVGCLPYTIPPCEHHVN[2070]GSR
N,2070,PXD026629,20180904YLJ-VSV0h-03.ipc,56830,8844,GLVSGGVYNSHVGCLPYTIPPCEHHVN[2070]GSR
N,2070,PXD026629,20180904YLJ-VSV0h-03.ipc,69529,11852,VFPYISVMVNN[2070]GSLSYDHSK
N,2070,PXD026629,20180904YLJ-VSV6h-01.ipc,67338,11672,GPGSGFLHSAAPTNANSLN[2070]STFSVLPQRFPQFQQHR
N,1867,PXD026629,20180904YLJ-VSV4h-02.ipc,41664,5511,FTFTSHTPGEHQICLHSN[1867]STK
N,1867,PXD026629,20180904YLJ-VSV4h-02.ipc,62631,10777,GLVSGGVYNSHVGCLPYTIPPCEHHVN[1867]GSRPPCTGEGDTPR
N,1867,PXD026629,20180904YLJ-VSV4h-02.ipc,73855,12688,DN[1867]ATQEEILHYLEK
N,1867,PXD026629,20180904YLJ-VSV4h-02.ipc,76529,13338,TVVTEAGNLLKDN[1867]ATQEEILHYLEK
N,1867,PXD026629,20180904YLJ-VSV0h-03.ipc,52303,7222,GLVSGGVYNSHVGCLPYTIPPCEHHVNGSRPPCTGEGDTPRCN[1867]K
N,1965,PXD026629,20180904YLJ-VSV4h-02.ipc,41787,5545,FTFTSHTPGEHQICLHSN[1965]STK
N,1965,PXD026629,20180904YLJ-VSV4h-02.ipc,49263,7033,NDRN[1965]LSDEIFLR
N,1965,PXD026629,20180904YLJ-VSV0h-03.ipc,34734,3202,STSAPQMSPGSSDN[1965]QSSSPQPAQQK
N,1965,PXD026629,20180904YLJ-VSV0h-03.ipc,74340,12936,CSARVSINTVN[1965]LTAGPQVMEVTVFR
N,1965,PXD026629,20180831YLJ-H6h-01.ipc,75416,12543,VIDLWDLAQSAN[1965]FTEK
N,1762,PXD026629,20180904YLJ-VSV4h-02.ipc,41874,5565,FTFTSHTPGEHQICLHSN[1762]STK
N,1762,PXD026629,20180904YLJ-VSV4h-02.ipc,42319,5653,FTFTSHTPGDHQICLHSN[1762]STR
N,1762,PXD026629,20180904YLJ-VSV4h-02.ipc,53514,8010,TALWVATDHNTDN[1762]TSAILR
N,1762,PXD026629,20180904YLJ-VSV4h-02.ipc,69626,11942,VFPYISVMVNN[1762]GSLSYDHSK
N,1762,PXD026629,20180904YLJ-VSV4h-02.ipc,74169,12773,GHDLNEDGLVSWEEYKN[1762]ATYGYVLDDPDPDDGFNYK
N,3082,PXD026629,20180904YLJ-VSV4h-02.ipc,42264,5642,KAWGISVLNPN[3082]KTK
N,3082,PXD026629,20180904YLJ-VSV4h-02.ipc,52187,7693,NDRN[3082]LSDEIFLR
N,3082,PXD026629,20180904YLJ-VSV4h-02.ipc,73596,12641,LVEDLESFLKPYSVEEQKN[3082]LTSCPDGAPFIQHGPDYR
N,3082,PXD026629,20180904YLJ-VSV4h-02.ipc,78422,13725,DLPIVFDVLIHDPSHFLN[3082]DSAISYK
N,3082,PXD026629,20180904YLJ-VSV0h-03.ipc,33566,2898,LN[3082]GTDPIVAADSKR
N,2320,PXD026629,20180904YLJ-VSV4h-02.ipc,42670,5715,FTFTSHTPGEHQICLHSN[2320]STK
N,2320,PXD026629,20180904YLJ-VSV4h-02.ipc,56380,9073,KGLVSGGVYNSHVGCLPYTIPPCEHHVN[2320]GSR
N,2320,PXD026629,20180831YLJ-H6h-01.ipc,44200,5562,FTFTSHTPGDHQICLHSN[2320]STR
N,2320,PXD026629,20180831YLJ-H6h-01.ipc,45786,5897,SDIN[2320]CSVMEATEEK
N,2320,PXD026629,20180831YLJ-H4h-02.ipc,53145,8132,GLVSGGVYNSHVGCLPYTIPPCEHHVN[2320]GSR
N,2232,PXD026629,20180904YLJ-VSV4h-02.ipc,42930,5775,FTFTSHTPGEHQICLHSN[2232]STK
N,2232,PXD026629,20180904YLJ-VSV4h-02.ipc,56724,9203,KGLVSGGVYNSHVGCLPYTIPPCEHHVN[2232]GSR
N,2232,PXD026629,20180904YLJ-VSV0h-03.ipc,57311,9029,GLVSGGVYNSHVGCLPYTIPPCEHHVN[2232]GSR
N,2232,PXD026629,YangLuJie-LPS8h-2.ipc,37801,4131,SVLEN[2232]TTSYEEAK
N,2232,PXD026629,20180904YLJ-VSV4h-03.ipc,75055,13674,VSINTVN[2232]LTAGPQVMEVTVFR
N,1850,PXD026629,20180904YLJ-VSV4h-02.ipc,43247,5841,EDEQSDLVSGELN[1850]DTIEGKDAGGKPDQESEEVK
N,1850,PXD026629,20180904YLJ-VSV4h-02.ipc,50045,7206,N[1850]CSVQCAGMTLQTIPLK
N,1850,PXD026629,20180904YLJ-VSV4h-02.ipc,54307,8307,KGLVSGGVYNSHVGCLPYTIPPCEHHVN[1850]GSRPPCTGEGDTPR
N,1850,PXD026629,20180904YLJ-VSV4h-02.ipc,57182,9378,GLVSGGVYNSHVGCLPYTIPPCEHHVN[1850]GSRPPCTGEGDTPR
N,1850,PXD026629,20180904YLJ-VSV4h-02.ipc,68491,11773,SCGECIQAGPNCGWCTN[1850]TTFLQEGMPTSAR
N,3562,PXD026629,20180904YLJ-VSV4h-02.ipc,43728,5912,AYVFERN[3562]QSVGDPNVDLIR
N,3562,PXD026629,20180904YLJ-VSV0h-03.ipc,72683,12557,YRAEFAVAN[3562]DTGFVDIPQQEK
N,3562,PXD026629,20180831YLJ-H6h-01.ipc,77447,13045,YYN[3562]FSVFQIDAPSFAYLK
N,3562,PXD026629,20180831YLJ-H6h-02.ipc,55314,7632,AACAVRPQEVTMVN[3562]GTLTNPVTGK
N,3562,PXD026629,YangLuJie-LPS4h-2.ipc,75696,11064,VSINTVN[3562]LTAGPQVMEVTVFR
N,2549,PXD026629,20180904YLJ-VSV4h-02.ipc,44037,5990,PTDNSIN[2549]VTCGPPYETNGPK
N,2549,PXD026629,20180904YLJ-VSV0h-03.ipc,49442,6535,LN[2549]FTGPGEPDSLR
N,2549,PXD026629,20180904YLJ-VSV0h-03.ipc,74281,12918,VSINTVN[2549]LTAGPQVMEVTVFR
N,2549,PXD026629,20180831YLJ-H6h-02.ipc,75660,12702,TVVTEAGNLLKDN[2549]ATQEEILHYLEK
N,2549,PXD026629,20180831YLJ-H6h-02.ipc,76328,12900,ILTN[2549]NSQTPILSPQEVVSCSPYAQGCDGGFPYLIAGK
N,2346,PXD026629,20180904YLJ-VSV4h-02.ipc,44157,6018,SGQEDHYWLDVEKN[2346]QSAK
N,2346,PXD026629,20180904YLJ-VSV4h-02.ipc,57852,9612,GLVSGGVYNSHVGCLPYTIPPCEHHVN[2346]GSR
N,2346,PXD026629,20180904YLJ-VSV0h-03.ipc,44847,5594,AVN[2346]QTGALYQCDYSTSR
N,2346,PXD026629,20180904YLJ-VSV0h-03.ipc,45266,5675,PTDNSIN[2346]VTCGPPYETNGPK
N,2346,PXD026629,20180904YLJ-VSV0h-03.ipc,54486,7935,TFLNNFNQEAEDLSYQSSLASWNYNTN[2346]ITEENAQKM[147]SEAAAK
N,2371,PXD026629,20180904YLJ-VSV4h-02.ipc,45728,6328,TLLGYYN[2371]QSK
N,2371,PXD026629,20180904YLJ-VSV4h-02.ipc,61055,10412,KGLVSGGVYNSHVGCLPYTIPPCEHHVN[2371]GSRPPCTGEGDTPR
N,2371,PXD026629,20180904YLJ-VSV4h-02.ipc,77073,13480,SLAQYLHSGPPVYFVLEEGYN[2371]YSSR
N,2371,PXD026629,20180904YLJ-VSV0h-03.ipc,54524,7952,KGLVSGGVYNSHVGCLPYTIPPCEHHVN[2371]GSR
N,2371,PXD026629,20180904YLJ-VSV0h-03.ipc,77173,13724,ILTN[2371]NSQTPILSPQEVVSCSPYAQGCDGGFPYLIAGK
N,2590,PXD026629,20180904YLJ-VSV4h-02.ipc,46651,6509,TILVDNNTWN[2590]NTHISR
N,2590,PXD026629,20180904YLJ-VSV4h-02.ipc,50899,7440,VISNN[2590]CTSYGVLDIGK
N,2590,PXD026629,20180904YLJ-VSV4h-02.ipc,65365,11236,AFNISPN[2590]DTSSGSCGINLVTLK
N,2590,PXD026629,20180904YLJ-VSV0h-03.ipc,63014,10501,CKSLPNN[2590]VTSFEVESLKPYK
N,2590,PXD026629,20180904YLJ-VSV0h-03.ipc,72411,12504,FDAVSGDYYPIIYFNDYWNLQKDYYPIN[2590]ESLASLPLR
N,2360,PXD026629,20180904YLJ-VSV4h-02.ipc,46880,6557,HNTPEDAKVMSWWDYGYQITAMANRTILVDN[2360]NTWNNTHISR
N,2360,PXD026629,20180904YLJ-VSV4h-02.ipc,56003,8943,KGLVSGGVYNSHVGCLPYTIPPCEHHVN[2360]GSR
N,2360,PXD026629,20180904YLJ-VSV4h-02.ipc,57456,9473,GLVSGGVYNSHVGCLPYTIPPCEHHVN[2360]GSRPPCTGEGDTPR
N,2360,PXD026629,20180904YLJ-VSV4h-02.ipc,76140,13257,VSINTVN[2360]LTAGPQVMEVTVFR
N,2360,PXD026629,20180904YLJ-VSV4h-02.ipc,79524,13805,DLPIVFDVLIHDPSHFLN[2360]DSAISYK
N,2231,PXD026629,20180904YLJ-VSV4h-02.ipc,47190,6614,FTCN[2231]QTTDVIIIHSK
N,2231,PXD026629,20180904YLJ-VSV4h-02.ipc,51498,7554,KAWGISVLNPN[2231]KTK
N,2231,PXD026629,20180904YLJ-VSV4h-02.ipc,56307,9056,KGLVSGGVYNSHVGCLPYTIPPCEHHVN[2231]GSR
N,2231,PXD026629,20180904YLJ-VSV4h-02.ipc,61780,10589,KAWGISVLNPN[2231]K
N,2231,PXD026629,20180904YLJ-VSV4h-02.ipc,70926,12134,CSARVSINTVN[2231]LTAGPQVM[147]EVTVFR
N,1924,PXD026629,20180904YLJ-VSV4h-02.ipc,47543,6665,KAWGISVLNPN[1924]KTK
N,1924,PXD026629,20180904YLJ-VSV4h-02.ipc,60673,10318,GLVSGGVYNSHVGCLPYTIPPCEHHVN[1924]GSRPPCTGEGDTPR
N,1924,PXD026629,20180904YLJ-VSV4h-02.ipc,70488,12066,NLLGYYN[1924]QSKGGSHTIQGM[147]RGCDVGSDWR
N,1924,PXD026629,20180904YLJ-VSV0h-03.ipc,74268,12911,TVVTEAGNLLKDN[1924]ATQEEILHYLEK
N,1924,PXD026629,20180831YLJ-H6h-01.ipc,43144,5321,FTFTSHTPGEHQICLHSN[1924]STK
N,3123,PXD026629,20180904YLJ-VSV4h-02.ipc,47634,6686,NCLVCSLN[3123]TSDTSQGPMEK
N,3123,PXD026629,20180904YLJ-VSV4h-02.ipc,60134,10189,GLVSGGVYNSHVGCLPYTIPPCEHHVN[3123]GSRPPCTGEGDTPR
N,3123,PXD026629,20180904YLJ-VSV4h-02.ipc,62553,10766,EKKLPPPPPQAPPEEEN[3123]ESEPEEPSGVEGAAFQSR
N,3123,PXD026629,20180904YLJ-VSV0h-03.ipc,58904,9531,TN[3123]SSFIQGFVDHVK
N,3123,PXD026629,20180831YLJ-H6h-01.ipc,73717,12107,CSARVSINTVN[3123]LTAGPQVMEVTVFR
N,2086,PXD026629,20180904YLJ-VSV4h-02.ipc,47646,6689,KAWGISVLNPN[2086]KTK
N,2086,PXD026629,20180904YLJ-VSV4h-02.ipc,52581,7781,KGLVSGGVYNSHVGCLPYTIPPCEHHVN[2086]GSRPPCTGEGDTPR
N,2086,PXD026629,20180904YLJ-VSV4h-02.ipc,66672,11454,AFNISPN[2086]DTSSGSCGINLVTLK
N,2086,PXD026629,20180904YLJ-VSV4h-02.ipc,76314,13297,VTFIN[2086]TTRVDSDM[147]NDAYLGYASAVILR
N,2086,PXD026629,20180904YLJ-VSV0h-03.ipc,53641,7603,GLVSGGVYNSHVGCLPYTIPPCEHHVN[2086]GSRPPCTGEGDTPR
N,2994,PXD026629,20180904YLJ-VSV4h-02.ipc,48472,6853,ECHTIQN[2994]YTLWR
N,2994,PXD026629,20180904YLJ-VSV4h-02.ipc,51260,7521,ELN[2994]ISICPVSQTSER
N,2994,PXD026629,20180904YLJ-VSV4h-02.ipc,53240,7925,KGLVSGGVYNSHVGCLPYTIPPCEHHVN[2994]GSR
N,2994,PXD026629,20180904YLJ-VSV4h-02.ipc,57169,9370,GLVSGGVYNSHVGCLPYTIPPCEHHVN[2994]GSRPPCTGEGDTPR
N,2994,PXD026629,20180904YLJ-VSV4h-02.ipc,57303,9424,GLVSGGVYNSHVGCLPYTIPPCEHHVN[2994]GSR
N,2830,PXD026629,20180904YLJ-VSV4h-02.ipc,48958,6973,VSSCRDCIQSGPGCSWCQKLN[2830]FTGPGEPDSLR
N,2830,PXD026629,20180904YLJ-VSV4h-02.ipc,54163,8256,KGLVSGGVYNSHVGCLPYTIPPCEHHVN[2830]GSRPPCTGEGDTPR
N,2830,PXD026629,20180904YLJ-VSV4h-02.ipc,57241,9398,GLVSGGVYNSHVGCLPYTIPPCEHHVN[2830]GSRPPCTGEGDTPR
N,2830,PXD026629,20180904YLJ-VSV4h-02.ipc,60467,10256,NDRN[2830]LSDEIFLR
N,2830,PXD026629,20180904YLJ-VSV4h-02.ipc,75996,13222,TVVTEAGNLLKDN[2830]ATQEEILHYLEK
N,2303,PXD026629,20180904YLJ-VSV4h-02.ipc,49653,7124,YYHGELSYLN[2303]VTR
N,2303,PXD026629,20180904YLJ-VSV4h-02.ipc,52620,7789,KGLVSGGVYNSHVGCLPYTIPPCEHHVN[2303]GSRPPCTGEGDTPR
N,2303,PXD026629,20180904YLJ-VSV4h-02.ipc,53728,8089,KGLVSGGVYNSHVGCLPYTIPPCEHHVN[2303]GSR
N,2303,PXD026629,20180904YLJ-VSV4h-02.ipc,56527,9118,GLVSGGVYNSHVGCLPYTIPPCEHHVN[2303]GSR
N,2303,PXD026629,20180904YLJ-VSV4h-02.ipc,74107,12752,CSARVSINTVN[2303]LTAGPQVMEVTVFR
N,2506,PXD026629,20180904YLJ-VSV4h-02.ipc,49726,7139,SGQEDHYWLDVEKN[2506]QSAK
N,2506,PXD026629,20180904YLJ-VSV4h-02.ipc,77823,13622,TVVTEAGNLLKDN[2506]ATQEEILHYLEK
N,2506,PXD026629,20180904YLJ-VSV4h-02.ipc,78416,13723,DLPIVFDVLIHDPSHFLN[2506]DSAISYK
N,2506,PXD026629,20180904YLJ-VSV0h-03.ipc,73980,12816,CSARVSINTVN[2506]LTAGPQVMEVTVFR
N,2506,PXD026629,20180831YLJ-H6h-02.ipc,65518,10406,VISNN[2506]CTSYGVLDIGK
N,3348,PXD026629,20180904YLJ-VSV4h-02.ipc,50040,7204,DPEGQPGGELM[147]LGGTDSKYYHGELSYLN[3348]VTR
N,3348,PXD026629,20180831YLJ-H6h-01.ipc,32715,2980,VQPFN[3348]VTK
N,3348,PXD026629,20180831YLJ-H6h-01.ipc,75165,12488,VM[147]SWWDYGYQIAGMAN[3348]R
N,3348,PXD026629,20180904YLJ-VSV6h-01.ipc,54816,8115,PEVCLICICHN[3348]GTAVCDDVQCNEELDCPNPQR
N,3348,PXD026629,20180831YLJ-H0h-01.ipc,32689,2975,FEVWASADLHIFDCN[3348]CSICKK
N,4142,PXD026629,20180904YLJ-VSV4h-02.ipc,50171,7242,N[4142]VSGTWEFTCQHGELECR
N,4142,PXD026629,20180831YLJ-H0h-01.ipc,72565,12512,PGSPSLHGGAYGERVAHLEEEN[4142]SSLR
N,4142,PXD026629,20180904YLJ-VSV4h-03.ipc,49976,7156,SVLEN[4142]TTSYEEAK
N,4142,PXD026629,20180831YLJ-H0h-03.ipc,65755,10935,ESVYRN[4142]YSIFLADINQER
N,4142,PXD031032,MouseKidney-Z-T-2.ipc,35320,10415,FKLDWLGN[4142]CSGLNDDSYGYR
N,2133,PXD026629,20180904YLJ-VSV4h-02.ipc,50262,7261,NIFSFYLNRDPEGQPGGELMLGGTDSKYYHGELSYLN[2133]VTR
N,2133,PXD026629,20180904YLJ-VSV4h-02.ipc,54389,8339,YYHGELSYLN[2133]VTR
N,2133,PXD026629,20180904YLJ-VSV4h-02.ipc,60018,10165,LDPPCTN[2133]TTAPSNYLNNPYVR
N,2133,PXD026629,20180904YLJ-VSV4h-02.ipc,74937,12985,TVVTEAGNLLKDN[2133]ATQEEILHYLEK
N,2133,PXD026629,20180904YLJ-VSV0h-03.ipc,16717,343,IAN[2133]ETGGHGSGPR
N,3631,PXD026629,20180904YLJ-VSV4h-02.ipc,50588,7339,YYHGELSYLN[3631]VTR
N,3631,PXD026629,20180831YLJ-H6h-01.ipc,73045,11968,VQAVLTSDSPALVGSN[3631]ITFVVNLVFPR
N,3631,PXD026629,YangLuJie-LPS4h-2.ipc,60047,8133,GLVSGGVYNSHVGCLPYTIPPCEHHVN[3631]GSR
N,3631,PXD026629,YangLuJie-LPS4h-2.ipc,73007,10399,LN[3631]YTLVGEPLR
N,3631,PXD026629,20180831YLJ-H4h-02.ipc,28590,2631,QVN[3631]GSVSGSQWNK
N,2992,PXD026629,20180904YLJ-VSV4h-02.ipc,51420,7541,VIN[2992]DTWAWK
N,2992,PXD026629,20180904YLJ-VSV4h-02.ipc,58019,9672,GLVSGGVYNSHVGCLPYTIPPCEHHVN[2992]GSRPPCTGEGDTPR
N,2992,PXD026629,20180904YLJ-VSV4h-02.ipc,59632,10083,NDRN[2992]LSDEIFLR
N,2992,PXD026629,20180904YLJ-VSV4h-02.ipc,75951,13214,TVVTEAGNLLKDN[2992]ATQEEILHYLEK
N,2992,PXD026629,20180904YLJ-VSV4h-02.ipc,79682,13829,DLPIVFDVLIHDPSHFLN[2992]DSAISYK
N,2272,PXD026629,20180904YLJ-VSV4h-02.ipc,51447,7543,KGLVSGGVYNSHVGCLPYTIPPCEHHVN[2272]GSRPPCTGEGDTPR
N,2272,PXD026629,20180904YLJ-VSV4h-02.ipc,53183,7911,GLVSGGVYNSHVGCLPYTIPPCEHHVN[2272]GSRPPCTGEGDTPR
N,2272,PXD026629,20180904YLJ-VSV4h-02.ipc,79513,13803,GPPGAAGYPGNPGLPGIPGQDGPPGPPGIPGCN[2272]GTKGER
N,2272,PXD026629,20180904YLJ-VSV0h-03.ipc,31699,2589,WTGHN[2272]VTVVQR
N,2272,PXD026629,20180904YLJ-VSV0h-03.ipc,64278,10788,TN[2272]SSFIQGFVDHVKEDCDR
N,2435,PXD026629,20180904YLJ-VSV4h-02.ipc,51619,7571,KGLVSGGVYNSHVGCLPYTIPPCEHHVN[2435]GSRPPCTGEGDTPR
N,2435,PXD026629,20180904YLJ-VSV4h-02.ipc,74216,12788,VSINTVN[2435]LTAGPQVMEVTVFR
N,2435,PXD026629,20180904YLJ-VSV4h-02.ipc,78353,13707,GPPGAAGYPGNPGLPGIPGQDGPPGPPGIPGCN[2435]GTKGER
N,2435,PXD026629,20180904YLJ-VSV0h-03.ipc,51865,7118,GLVSGGVYNSHVGCLPYTIPPCEHHVN[2435]GSRPPCTGEGDTPR
N,2435,PXD026629,20180831YLJ-H6h-01.ipc,76251,12726,VGGADIM[147]QHSSQQTDTGFSM[147]AN[2435]FTLGYVSSSTGGQYR
N,2069,PXD026629,20180904YLJ-VSV4h-02.ipc,51812,7607,VISNN[2069]CTSYGVLDIGK
N,2069,PXD026629,20180904YLJ-VSV4h-02.ipc,55640,8815,KGLVSGGVYNSHVGCLPYTIPPCEHHVN[2069]GSR
N,2069,PXD026629,20180904YLJ-VSV4h-02.ipc,58348,9786,GLVSGGVYNSHVGCLPYTIPPCEHHVN[2069]GSR
N,2069,PXD026629,20180904YLJ-VSV4h-02.ipc,76486,13325,TVVTEAGNLLKDN[2069]ATQEEILHYLEK
N,2069,PXD026629,20180831YLJ-H6h-01.ipc,49484,6631,AVEEHN[2069]LTEGLEDASAQAACPAR
N,3269,PXD026629,20180904YLJ-VSV4h-02.ipc,52124,7678,GLVSGGVYNSHVGCLPYTIPPCEHHVN[3269]GSRPPCTGEGDTPR
N,3269,PXD026629,20180904YLJ-VSV0h-03.ipc,64728,10872,TN[3269]SSFIQGFVDHVKEDCDR
N,3269,PXD026629,20180831YLJ-H6h-01.ipc,70561,11399,AFNISPN[3269]DTSSGSCGINLVTLK
N,3269,PXD026629,20180831YLJ-H6h-01.ipc,75928,12656,IGPGEPLELLCN[3269]VSGALPPPGR
N,3269,PXD026629,20180831YLJ-H6h-02.ipc,51851,6966,NDRN[3269]LSDEIFLR
N,3267,PXD026629,20180904YLJ-VSV4h-02.ipc,52167,7688,GLVSGGVYNSHVGCLPYTIPPCEHHVN[3267]GSRPPCTGEGDTPR
N,3267,PXD026629,20180904YLJ-VSV0h-03.ipc,57387,9054,PSPPLSN[3267]ASQM[147]GSSM[147]SGGAGYQSGAHQGQFDHGSGSLSPSK
N,3267,PXD026629,20180904YLJ-VSV0h-03.ipc,65011,10931,LVSDVQTAVKTN[3267]SSFIQGFVDHVKEDCDR
N,3267,PXD026629,20180831YLJ-H6h-02.ipc,42482,4798,TLLGYYN[3267]QSK
N,3267,PXD026629,YangLuJie-LPS4h-2.ipc,40074,4165,AEPPLN[3267]ASAGDQEEK
N,2596,PXD026629,20180904YLJ-VSV4h-02.ipc,52244,7703,GLVSGGVYNSHVGCLPYTIPPCEHHVN[2596]GSRPPCTGEGDTPR
N,2596,PXD026629,20180904YLJ-VSV0h-03.ipc,51025,6946,KGLVSGGVYNSHVGCLPYTIPPCEHHVN[2596]GSRPPCTGEGDTPR
N,2596,PXD026629,20180831YLJ-H6h-01.ipc,37198,3829,DQGN[2596]VTDMASMK
N,2596,PXD026629,20180831YLJ-H6h-01.ipc,72393,11853,LEDGFHPDAVAWAN[2596]LTNAIR
N,2596,PXD026629,20180831YLJ-H6h-02.ipc,75844,12751,AFN[2596]ISPNDTSSGSCGINLVTLK
N,2377,PXD026629,20180904YLJ-VSV4h-02.ipc,52386,7738,KAWGISVLNPN[2377]KTK
N,2377,PXD026629,20180904YLJ-VSV4h-02.ipc,53200,7919,KGLVSGGVYNSHVGCLPYTIPPCEHHVN[2377]GSRPPCTGEGDTPR
N,2377,PXD026629,20180904YLJ-VSV4h-02.ipc,55039,8584,GLVSGGVYNSHVGCLPYTIPPCEHHVN[2377]GSRPPCTGEGDTPR
N,2377,PXD026629,20180904YLJ-VSV4h-02.ipc,66951,11521,TN[2377]SSFIQGFVDHVKEDCDR
N,2377,PXD026629,20180904YLJ-VSV4h-02.ipc,74209,12782,VSINTVN[2377]LTAGPQVMEVTVFR
N,2975,PXD026629,20180904YLJ-VSV4h-02.ipc,52469,7759,KGLVSGGVYNSHVGCLPYTIPPCEHHVN[2975]GSRPPCTGEGDTPR
N,2975,PXD026629,20180904YLJ-VSV4h-02.ipc,59015,9965,FTCN[2975]QTTDVIIIHSK
N,2975,PXD026629,20180904YLJ-VSV4h-02.ipc,74540,12890,YSVQHM[147]YFTYN[2975]LSDTEHFPNAISK
N,2975,PXD026629,20180904YLJ-VSV4h-02.ipc,74593,12901,YSVQHMYFTYN[2975]LSDTEHFPNAISK
N,2975,PXD026629,20180904YLJ-VSV4h-02.ipc,76074,13240,VSINTVN[2975]LTAGPQVMEVTVFR
N,2143,PXD026629,20180904YLJ-VSV4h-02.ipc,52669,7796,KGLVSGGVYNSHVGCLPYTIPPCEHHVN[2143]GSRPPCTGEGDTPR
N,2143,PXD026629,20180904YLJ-VSV4h-02.ipc,53607,8047,GLVSGGVYNSHVGCLPYTIPPCEHHVN[2143]GSRPPCTGEGDTPR
N,2143,PXD026629,20180904YLJ-VSV4h-02.ipc,54076,8223,KGLVSGGVYNSHVGCLPYTIPPCEHHVN[2143]GSR
N,2143,PXD026629,20180904YLJ-VSV4h-02.ipc,79692,13830,GPPGAAGYPGNPGLPGIPGQDGPPGPPGIPGCN[2143]GTKGER
N,2143,PXD026629,20180904YLJ-VSV0h-03.ipc,22756,1118,CICDEGYQPPM[147]CEDCPSCGSHCRDN[2143]HTSCAECLK
N,2215,PXD026629,20180904YLJ-VSV4h-02.ipc,52893,7839,KAWGISVLNPN[2215]KTK
N,2215,PXD026629,20180904YLJ-VSV4h-02.ipc,53914,8160,KGLVSGGVYNSHVGCLPYTIPPCEHHVN[2215]GSR
N,2215,PXD026629,20180904YLJ-VSV4h-02.ipc,67321,11592,TN[2215]SSFIQGFVDHVKEDCDR
N,2215,PXD026629,20180904YLJ-VSV4h-02.ipc,76373,13309,TVVTEAGNLLKDN[2215]ATQEEILHYLEK
N,2215,PXD026629,20180904YLJ-VSV0h-03.ipc,54890,8090,GLVSGGVYNSHVGCLPYTIPPCEHHVN[2215]GSR
N,2742,PXD026629,20180904YLJ-VSV4h-02.ipc,53193,7916,NDRN[2742]LSDEIFLR
N,2742,PXD026629,20180904YLJ-VSV4h-02.ipc,74516,12882,VSINTVN[2742]LTAGPQVMEVTVFR
N,2742,PXD026629,20180904YLJ-VSV4h-02.ipc,78421,13724,DLPIVFDVLIHDPSHFLN[2742]DSAISYK
N,2742,PXD026629,20180904YLJ-VSV0h-03.ipc,47038,6046,HNTPEDAKVM[147]SWWDYGYQITAM[147]ANRTILVDN[2742]NTWNNTHISR
N,2742,PXD026629,20180831YLJ-H6h-02.ipc,68102,10957,M[147]YVTN[2742]DTEVAENNYEALK
N,2547,PXD026629,20180904YLJ-VSV4h-02.ipc,53263,7931,KGLVSGGVYNSHVGCLPYTIPPCEHHVN[2547]GSRPPCTGEGDTPR
N,2547,PXD026629,20180904YLJ-VSV4h-02.ipc,76838,13407,ILTN[2547]NSQTPILSPQEVVSCSPYAQGCDGGFPYLIAGK
N,2547,PXD026629,YangLuJie-LPS8h-2.ipc,18356,1108,NAKGGGGN[2547]SSSSGSGSGSGSGSPSTGSSGSSSSPGAR
N,2547,PXD026629,YangLuJie-LPS8h-2.ipc,60021,9139,GLVSGGVYNSHVGCLPYTIPPCEHHVN[2547]GSRPPCTGEGDTPR
N,2547,PXD026629,YangLuJie-M0-3.ipc,18233,1054,SHTNTSHVMQYGN[2547]K
N,3340,PXD026629,20180904YLJ-VSV4h-02.ipc,53304,7945,KGLVSGGVYNSHVGCLPYTIPPCEHHVN[3340]GSR
N,3340,PXD026629,20180904YLJ-VSV4h-02.ipc,58159,9718,GLVSGGVYNSHVGCLPYTIPPCEHHVN[3340]GSR
N,3340,PXD026629,20180831YLJ-H6h-02.ipc,69732,11260,AEPETHLCIDVEDAMN[3340]ITR
N,3340,PXD026629,20180831YLJ-H6h-02.ipc,72092,11853,CFNAM[147]EVDALN[3340]SSHPVSTPVENPAQIR
N,3340,PXD026629,20180831YLJ-H6h-02.ipc,73755,12227,VSINTVN[3340]LTAGPQVMEVTVFR
N,3343,PXD026629,20180904YLJ-VSV4h-02.ipc,53372,7970,KGLVSGGVYNSHVGCLPYTIPPCEHHVN[3343]GSR
N,3343,PXD026629,20180904YLJ-VSV0h-03.ipc,56148,8596,GLVSGGVYNSHVGCLPYTIPPCEHHVN[3343]GSR
N,3343,PXD026629,20180831YLJ-H6h-01.ipc,73925,12172,VSINTVN[3343]LTAGPQVMEVTVFR
N,3343,PXD026629,20180831YLJ-H6h-02.ipc,50067,6483,YAIYM[147]IVTSDESSIRYLN[3343]FTASEMTSK
N,3343,PXD026629,YangLuJie-LPS4h-2.ipc,55274,7180,GPFEKN[3343]CSVQCAGMTLQTIPLKK
N,3521,PXD026629,20180904YLJ-VSV4h-02.ipc,53388,7977,KGLVSGGVYNSHVGCLPYTIPPCEHHVN[3521]GSR
N,3521,PXD026629,20180904YLJ-VSV4h-02.ipc,54826,8504,GLVSGGVYNSHVGCLPYTIPPCEHHVN[3521]GSR
N,3521,PXD026629,20180904YLJ-VSV4h-02.ipc,61289,10471,LGNTISSLFGGGTSSDAKEN[3521]GTDAVQEEEESPAEGSKDEPAEQGELK
N,3521,PXD026629,YangLuJie-LPS4h-2.ipc,71308,9976,IIISPEEN[3521]VTLTCTAENQLER
N,3521,PXD026629,20180831YLJ-H0h-03.ipc,73082,12678,TM[147]VFPVM[147]YLN[3521]ESVLIDKETANQLK
N,3010,PXD026629,20180904YLJ-VSV4h-02.ipc,53413,7986,KGLVSGGVYNSHVGCLPYTIPPCEHHVN[3010]GSR
N,3010,PXD026629,20180904YLJ-VSV4h-02.ipc,56183,9016,GLVSGGVYNSHVGCLPYTIPPCEHHVN[3010]GSR
N,3010,PXD026629,20180904YLJ-VSV4h-02.ipc,56917,9285,GLVSGGVYNSHVGCLPYTIPPCEHHVN[3010]GSRPPCTGEGDTPR
N,3010,PXD026629,20180904YLJ-VSV4h-02.ipc,61320,10476,KISTN[3010]ITLVCKPGDLESAPVLR
N,3010,PXD026629,20180904YLJ-VSV4h-02.ipc,75942,13213,RPYIVPILWLN[3010]ETGTIGDEK
N,1810,PXD026629,20180904YLJ-VSV4h-02.ipc,53599,8041,KGLVSGGVYNSHVGCLPYTIPPCEHHVN[1810]GSRPPCTGEGDTPR
N,1810,PXD026629,20180904YLJ-VSV4h-02.ipc,71378,12207,YWGIHLQAFVQN[1810]GTVSK
N,1810,PXD026629,20180904YLJ-VSV4h-02.ipc,72205,12396,VSINTVN[1810]LTAGPQVMEVTVFR
N,1810,PXD026629,20180904YLJ-VSV4h-02.ipc,75122,13033,LLYISAEDFSIDHSPN[1810]STAGPSCSLLQEAFR
N,1810,PXD026629,20180831YLJ-H6h-02.ipc,61489,9510,VVVLDDNDNAPFVLYPLQN[1810]ASAPCTEVLPR
N,2216,PXD026629,20180904YLJ-VSV4h-02.ipc,53639,8061,KGLVSGGVYNSHVGCLPYTIPPCEHHVN[2216]GSR
N,2216,PXD026629,20180904YLJ-VSV6h-01.ipc,31317,3087,KLN[2216]YTLK
N,2216,PXD026629,YangLuJie-LPS8h-2.ipc,33451,3385,LN[2216]GTDPIVAADSKR
N,2216,PXD026629,YangLuJie-LPS8h-2.ipc,34864,3630,MHLN[2216]GSNVQVLHR
N,2216,PXD026629,20180904YLJ-VSV0h-01.ipc,57239,9437,DDEPTCGRPLGIRAGPN[2216]GTLFVVDAYK
N,3178,PXD026629,20180904YLJ-VSV4h-02.ipc,54074,8222,KGLVSGGVYNSHVGCLPYTIPPCEHHVN[3178]GSRPPCTGEGDTPR
N,3178,PXD026629,20180904YLJ-VSV4h-02.ipc,77572,13576,TVVTEAGNLLKDN[3178]ATQEEILHYLEK
N,3178,PXD026629,20180904YLJ-VSV4h-02.ipc,78438,13728,DLPIVFDVLIHDPSHFLN[3178]DSAISYK
N,3178,PXD026629,20180904YLJ-VSV0h-03.ipc,53302,7502,KGLVSGGVYNSHVGCLPYTIPPCEHHVN[3178]GSR
N,3178,PXD026629,20180831YLJ-H6h-01.ipc,71374,11598,TAADATGLQPILNQFTPAN[3178]VSR
N,2695,PXD026629,20180904YLJ-VSV4h-02.ipc,54204,8274,KGLVSGGVYNSHVGCLPYTIPPCEHHVN[2695]GSR
N,2695,PXD026629,20180904YLJ-VSV0h-03.ipc,63975,10715,TN[2695]SSFIQGFVDHVKEDCDR
N,2695,PXD026629,20180904YLJ-VSV0h-03.ipc,79998,14123,SDTPAN[2695]CTYPDLLGTWVFQVGPR
N,2695,PXD026629,20180831YLJ-H6h-01.ipc,59770,9149,VIVTSKHNN[2695]DTQHIWESDSNEFSVIADPR
N,2695,PXD026629,20180904YLJ-VSV6h-01.ipc,23027,1606,HLN[2695]SSLPR
N,2013,PXD026629,20180904YLJ-VSV4h-02.ipc,54207,8275,KGLVSGGVYNSHVGCLPYTIPPCEHHVN[2013]GSR
N,2013,PXD026629,20180904YLJ-VSV4h-02.ipc,55898,8900,GLVSGGVYNSHVGCLPYTIPPCEHHVN[2013]GSR
N,2013,PXD026629,20180904YLJ-VSV4h-02.ipc,73673,12654,RPYIVPILWLN[2013]ETGTIGDEK
N,2013,PXD026629,20180904YLJ-VSV0h-03.ipc,77050,13684,ELQAPLGQSFCCGN[2013]ASIVLSPAVHLDLLSLR
N,2013,PXD026629,20180831YLJ-H6h-01.ipc,70356,11340,IAQEGGAAALLIAN[2013]NSVLIPSSR
N,3051,PXD026629,20180904YLJ-VSV4h-02.ipc,54230,8286,GLVSGGVYNSHVGCLPYTIPPCEHHVN[3051]GSR
N,3051,PXD026629,20180904YLJ-VSV4h-02.ipc,74613,12908,YSVQHMYFTYN[3051]LSDTEHFPNAISK
N,3051,PXD026629,20180904YLJ-VSV4h-03.ipc,54750,8351,KGLVSGGVYNSHVGCLPYTIPPCEHHVN[3051]GSR
N,3051,PXD026629,YangLuJie-M0-1.ipc,20753,1411,NN[3051]VSLVK
N,3051,PXD026629,YangLuJie-M0-1.ipc,78058,14501,YPQDYQFYIQN[3051]FTALPLNTVVPPQR
N,2321,PXD026629,20180904YLJ-VSV4h-02.ipc,54403,8344,KGLVSGGVYNSHVGCLPYTIPPCEHHVN[2321]GSR
N,2321,PXD026629,20180904YLJ-VSV4h-02.ipc,57079,9339,GLVSGGVYNSHVGCLPYTIPPCEHHVN[2321]GSR
N,2321,PXD026629,YangLuJie-LPS8h-2.ipc,45968,6112,AYVFERN[2321]QSVGDPNVDLIR
N,2321,PXD026629,20180831YLJ-H0h-01.ipc,49106,6824,LVLYLEHNLEKN[2321]STKEEILAALEK
N,2321,PXD026629,YangLuJie-M0-1.ipc,21746,1601,CICDEGYQPPMCEDCPSCGSHCRDN[2321]HTSCAECLK
N,2574,PXD026629,20180904YLJ-VSV4h-02.ipc,54419,8349,KGLVSGGVYNSHVGCLPYTIPPCEHHVN[2574]GSRPPCTGEGDTPR
N,2574,PXD026629,20180904YLJ-VSV4h-02.ipc,71075,12154,AFN[2574]ISPNDTSSGSCGINLVTLK
N,2574,PXD026629,20180904YLJ-VSV4h-02.ipc,75292,13080,IQCDLPSFNTQEIFN[2574]VTLK
N,2574,PXD026629,20180904YLJ-VSV0h-03.ipc,45780,5782,N[2574]ASFYASSSTLYYQIDSHIPGTPSQLSDNYSER
N,2574,PXD026629,20180904YLJ-VSV0h-03.ipc,57385,9053,DDEPTCGRPLGIRAGPN[2574]GTLFVVDAYK
N,1851,PXD026629,20180904YLJ-VSV4h-02.ipc,54459,8363,KGLVSGGVYNSHVGCLPYTIPPCEHHVN[1851]GSRPPCTGEGDTPR
N,1851,PXD026629,20180904YLJ-VSV4h-02.ipc,68725,11807,TN[1851]SSFIQGFVDHVKEDCDR
N,1851,PXD026629,20180904YLJ-VSV4h-02.ipc,70417,12054,IAQEGGAAALLIAN[1851]NSVLIPSSR
N,1851,PXD026629,20180904YLJ-VSV4h-02.ipc,76790,13395,YPQDYQFYIQN[1851]FTALPLNTVVPPQR
N,1851,PXD026629,20180904YLJ-VSV0h-03.ipc,75217,13207,TVVTEAGNLLKDN[1851]ATQEEILHYLEK
N,2686,PXD026629,20180904YLJ-VSV4h-02.ipc,54961,8556,KGLVSGGVYNSHVGCLPYTIPPCEHHVN[2686]GSR
N,2686,PXD026629,20180904YLJ-VSV4h-02.ipc,56614,9153,GLVSGGVYNSHVGCLPYTIPPCEHHVN[2686]GSR
N,2686,PXD026629,20180904YLJ-VSV6h-01.ipc,52273,7574,DPEGQPGGELM[147]LGGTDSKYYHGELSYLN[2686]VTR
N,2686,PXD031032,MouseKidney-Z-T-2.ipc,3161,279,N[2686]HSIPLETK
N,2686,PXD031032,MouseKidney-Z-T-2.ipc,3958,525,N[2686]LSYEAAPDHK
N,2540,PXD026629,20180904YLJ-VSV4h-02.ipc,55642,8816,GLVSGGVYNSHVGCLPYTIPPCEHHVN[2540]GSRPPCTGEGDTPR
N,2540,PXD026629,20180904YLJ-VSV4h-02.ipc,58624,9861,KAWGISVLNPN[2540]KTK
N,2540,PXD026629,20180904YLJ-VSV4h-02.ipc,64434,11109,VLSIAQAHSLN[2540]FSCEQVR
N,2540,PXD026629,20180904YLJ-VSV4h-02.ipc,69694,11960,TDDEVVQREEEAIQLDGLN[2540]ASQIR
N,2540,PXD026629,20180904YLJ-VSV4h-02.ipc,77660,13595,TVVTEAGNLLKDN[2540]ATQEEILHYLEK
N,3324,PXD026629,20180904YLJ-VSV4h-02.ipc,55952,8923,GLVSGGVYNSHVGCLPYTIPPCEHHVN[3324]GSRPPCTGEGDTPR
N,3324,PXD026629,20180904YLJ-VSV4h-02.ipc,77339,13540,TVVTEAGNLLKDN[3324]ATQEEILHYLEK
N,3324,PXD026629,20180904YLJ-VSV0h-03.ipc,75988,13373,VSINTVN[3324]LTAGPQVMEVTVFR
N,3324,PXD026629,20180831YLJ-H6h-02.ipc,54208,7393,AWGISVLNPN[3324]K
N,3324,PXD026629,YangLuJie-LPS4h-2.ipc,70158,9775,AN[3324]NSWFQSILK
N,2289,PXD026629,20180904YLJ-VSV4h-02.ipc,56079,8977,KGLVSGGVYNSHVGCLPYTIPPCEHHVN[2289]GSR
N,2289,PXD026629,YangLuJie-LPS4h-2.ipc,54989,7124,GLVSGGVYNSHVGCLPYTIPPCEHHVN[2289]GSR
N,2289,PXD026629,YangLuJie-LPS8h-2.ipc,75206,11976,AFNISPN[2289]DTSSGSCGINLVTLK
N,2289,PXD026629,20180831YLJ-H0h-01.ipc,67970,11340,EEEAIQLDGLN[2289]ASQIR
N,2289,PXD026629,YangLuJie-M0-3.ipc,51862,8556,YYHGELSYLN[2289]VTR
N,2685,PXD026629,20180904YLJ-VSV4h-02.ipc,56118,8994,GLVSGGVYNSHVGCLPYTIPPCEHHVN[2685]GSR
N,2685,PXD026629,20180831YLJ-H6h-02.ipc,55457,7673,KGLVSGGVYNSHVGCLPYTIPPCEHHVN[2685]GSR
N,2685,PXD026629,20180904YLJ-VSV6h-01.ipc,36165,4119,KLN[2685]YTLK
N,2685,PXD026629,YangLuJie-M0-3.ipc,40757,5391,FTFTSHTPGDHQICLHSN[2685]STR
N,2685,PXD026629,20180904YLJ-VSV4h-03.ipc,51747,7631,N[2685]VSGTWEFTCQHGELECR
N,2330,PXD026629,20180904YLJ-VSV4h-02.ipc,56645,9168,GLVSGGVYNSHVGCLPYTIPPCEHHVN[2330]GSR
N,2330,PXD026629,20180904YLJ-VSV4h-02.ipc,61099,10422,HNN[2330]DTQHIWESDSNEFSVIADPR
N,2330,PXD026629,20180904YLJ-VSV4h-02.ipc,64893,11186,LVSDVQTAVKTN[2330]SSFIQGFVDHVKEDCDR
N,2330,PXD026629,20180904YLJ-VSV0h-03.ipc,38154,3994,N[2330]NTIPDSQMSASSSYK
N,2330,PXD026629,20180831YLJ-H6h-01.ipc,64893,10340,PASSQVPRVMSTQRVAN[2330]TSTQTM[147]GPR
N,2832,PXD026629,20180904YLJ-VSV4h-02.ipc,57355,9439,GLVSGGVYNSHVGCLPYTIPPCEHHVN[2832]GSRPPCTGEGDTPR
N,2832,PXD026629,20180831YLJ-H6h-01.ipc,79573,13265,DLPIVFDVLIHDPSHFLN[2832]DSAISYK
N,2832,PXD026629,20180831YLJ-H6h-02.ipc,44860,5380,VIAQHQNLLFAN[2832]SSSSMR
N,2832,PXD026629,20180831YLJ-H6h-02.ipc,47889,6043,SDIN[2832]CSVMEATEEK
N,2832,PXD026629,20180831YLJ-H6h-02.ipc,49360,6335,VSSCRDCIQSGPGCSWCQKLN[2832]FTGPGEPDSLR
N,2901,PXD026629,20180904YLJ-VSV4h-02.ipc,58189,9726,GLVSGGVYNSHVGCLPYTIPPCEHHVN[2901]GSR
N,2901,PXD026629,20180831YLJ-H6h-01.ipc,41331,4854,SVLEN[2901]TTSYEEAK
N,2901,PXD026629,20180831YLJ-H6h-01.ipc,70759,11438,AFNISPN[2901]DTSSGSCGINLVTLK
N,2901,PXD026629,YangLuJie-LPS4h-2.ipc,52053,6340,M[147]YVTN[2901]DTEVAENNYEALK
N,2901,PXD026629,YangLuJie-LPS4h-2.ipc,54592,7042,NDRN[2901]LSDEIFLR
N,2684,PXD026629,20180904YLJ-VSV4h-02.ipc,58599,9855,GLVSGGVYNSHVGCLPYTIPPCEHHVN[2684]GSRPPCTGEGDTPR
N,2684,PXD026629,20180904YLJ-VSV4h-02.ipc,72889,12532,YSVQHMYFTYN[2684]LSDTEHFPNAISK
N,2684,PXD026629,20180904YLJ-VSV4h-02.ipc,75978,13221,TVVTEAGNLLKDN[2684]ATQEEILHYLEK
N,2684,PXD026629,20180904YLJ-VSV0h-03.ipc,59371,9645,YHYN[2684]GTLLDGTAFDNSYSR
N,2684,PXD026629,20180904YLJ-VSV0h-03.ipc,61762,10216,NDRN[2684]LSDEIFLR
N,2654,PXD026629,20180904YLJ-VSV4h-02.ipc,58875,9931,GLVSGGVYNSHVGCLPYTIPPCEHHVN[2654]GSRPPCTGEGDTPR
N,2654,PXD026629,20180904YLJ-VSV0h-03.ipc,63814,10674,YMDQNSDGWQDGVGYIN[2654]SSEGAVGR
N,2654,PXD026629,YangLuJie-LPS4h-2.ipc,69251,9589,AFNISPN[2654]DTSSGSCGINLVTLK
N,2654,PXD026629,20180831YLJ-H4h-02.ipc,46389,6537,TILVDN[2654]NTWNNTHISR
N,2654,PXD026629,20180904YLJ-VSV6h-01.ipc,71104,12412,ALLPFDNLHEDPCLLTN[2654]R
N,2668,PXD026629,20180904YLJ-VSV4h-02.ipc,58992,9960,GLVSGGVYNSHVGCLPYTIPPCEHHVN[2668]GSRPPCTGEGDTPR
N,2668,PXD026629,20180904YLJ-VSV4h-02.ipc,63309,10894,YMDQNSDGWQDGVGYIN[2668]SSEGAVGR
N,2668,PXD026629,20180904YLJ-VSV4h-02.ipc,71241,12183,TN[2668]SSFIQGFVDHVKEDCDR
N,2668,PXD026629,20180904YLJ-VSV4h-02.ipc,76082,13245,TVVTEAGNLLKDN[2668]ATQEEILHYLEK
N,2668,PXD026629,20180904YLJ-VSV4h-02.ipc,76313,13296,LWLPVN[2668]LTWADLEDKDGR
N,3121,PXD026629,20180904YLJ-VSV4h-02.ipc,60070,10178,GLVSGGVYNSHVGCLPYTIPPCEHHVN[3121]GSRPPCTGEGDTPR
N,3121,PXD026629,20180904YLJ-VSV4h-02.ipc,64871,11178,TN[3121]SSFIQGFVDHVKEDCDR
N,3121,PXD026629,20180904YLJ-VSV4h-02.ipc,77479,13564,TVVTEAGNLLKDN[3121]ATQEEILHYLEK
N,3121,PXD026629,20180904YLJ-VSV0h-03.ipc,78562,13994,DLPIVFDVLIHDPSHFLN[3121]DSAISYK
N,3121,PXD026629,20180831YLJ-H6h-01.ipc,53735,7499,SGQEDHYWLDVEKN[3121]QSAK
N,4291,PXD026629,20180904YLJ-VSV4h-02.ipc,60238,10206,GLVSGGVYNSHVGCLPYTIPPCEHHVN[4291]GSR
N,4291,PXD026629,20180904YLJ-VSV4h-02.ipc,70709,12103,PYLTPNNQGLYIFQGN[4291]STVR
N,4291,PXD026629,YangLuJie-LPS4h-2.ipc,73085,10427,HVM[147]VRYWLDYFKGNYDFVEAMIVNN[4291]HTSLDVER
N,4291,PXD026629,20180904YLJ-VSV6h-01.ipc,47044,6524,VTQQSPTSMNQVN[4291]LTCR
N,4291,PXD031032,MouseBrain-Z-T-3.ipc,12094,2455,VLVAPPSEEANTTKAVISMLN[4291]ETM[147]NEAPEETKIVIK
N,4422,PXD026629,20180904YLJ-VSV4h-02.ipc,61717,10575,DGSCKYRAEFAVAN[4422]DTGFVDIPQQEK
N,4422,PXD026629,20180904YLJ-VSV6h-01.ipc,15152,368,EQN[4422]YTCR
N,4422,PXD026629,20180904YLJ-VSV4h-03.ipc,30108,2801,TVN[4422]VSVPK
N,4422,PXD026629,YangLuJie-M0-1.ipc,37420,4553,WGHN[4422]VTEFQQR
N,4422,PXD026629,YangLuJie-M0-1.ipc,52193,8682,YAIYM[147]IVTSDESSIRYLN[4422]FTASEMTSK
N,2736,PXD026629,20180904YLJ-VSV4h-02.ipc,62102,10667,N[2736]LSDEIFLR
N,2736,PXD026629,20180904YLJ-VSV4h-02.ipc,65250,11224,QSLVPAHPM[147]APPSPSTTSSNN[2736]NSSSSSNSGWDQLSK
N,2736,PXD026629,20180904YLJ-VSV4h-02.ipc,80053,13872,GPGAQEKCKLEN[2736]HTSPDVHM[147]LPGGGAHGSTR
N,2736,PXD026629,20180904YLJ-VSV0h-03.ipc,59947,9772,GLVSGGVYNSHVGCLPYTIPPCEHHVN[2736]GSRPPCTGEGDTPRCNK
N,2736,PXD026629,20180904YLJ-VSV0h-03.ipc,60204,9824,GLVSGGVYNSHVGCLPYTIPPCEHHVNGSRPPCTGEGDTPRCN[2736]K
N,3488,PXD026629,20180904YLJ-VSV4h-02.ipc,64536,11126,TN[3488]SSFIQGFVDHVKEDCDR
N,3488,PXD026629,20180904YLJ-VSV0h-03.ipc,49364,6510,LN[3488]FTGPGEPDSLR
N,3488,PXD026629,20180831YLJ-H6h-01.ipc,72970,11957,NLKRPYIVPILWLN[3488]ETGTIGDEK
N,3488,PXD026629,YangLuJie-LPS4h-2.ipc,54917,7109,PYLTPNNQGLYIFQGN[3488]STVR
N,3488,PXD026629,YangLuJie-LPS4h-2.ipc,61432,8333,VISNN[3488]CTSYGVLDIGK
N,1664,PXD026629,20180904YLJ-VSV4h-02.ipc,65857,11312,TN[1664]SSFIQGFVDHVK
N,1664,PXD026629,20180904YLJ-VSV4h-02.ipc,72243,12407,VSINTVN[1664]LTAGPQVMEVTVFR
N,1664,PXD026629,20180904YLJ-VSV0h-03.ipc,42686,5169,FTFTSHTPGEHQICLHSN[1664]STK
N,1664,PXD026629,20180831YLJ-H6h-02.ipc,38246,3662,DQGN[1664]VTDMASMK
N,1664,PXD026629,20180831YLJ-H4h-02.ipc,61801,10717,SLPCDICKTVVTEAGNLLKDN[1664]ATQEEILHYLEK
N,1648,PXD026629,20180904YLJ-VSV4h-02.ipc,66378,11398,DMSDGFISN[1648]LTIQR
N,1648,PXD026629,20180904YLJ-VSV4h-02.ipc,66408,11404,VSINTVN[1648]LTAGPQVM[147]EVTVFR
N,1648,PXD026629,20180904YLJ-VSV4h-02.ipc,72298,12425,VSINTVN[1648]LTAGPQVMEVTVFR
N,1648,PXD026629,20180904YLJ-VSV4h-02.ipc,78619,13760,GPPGAAGYPGNPGLPGIPGQDGPPGPPGIPGCN[1648]GTKGER
N,1648,PXD026629,20180904YLJ-VSV0h-03.ipc,40166,4468,N[1648]ISGVVLADHSGSFHNR
N,2168,PXD026629,20180904YLJ-VSV4h-02.ipc,67243,11577,AEFAVAN[2168]DTGFVDIPQQEK
N,2168,PXD026629,20180904YLJ-VSV4h-02.ipc,74045,12739,LVEDLESFLKPYSVEEQKN[2168]LTSCPDGAPFIQHGPDYR
N,2168,PXD026629,20180904YLJ-VSV4h-02.ipc,77093,13489,ILTN[2168]NSQTPILSPQEVVSCSPYAQGCDGGFPYLIAGK
N,2168,PXD026629,20180904YLJ-VSV0h-03.ipc,64532,10840,LDPPCTN[2168]TTAPSNYLNNPYVR
N,2168,PXD026629,20180831YLJ-H6h-01.ipc,67741,10830,N[2168]GTSFDIHYGSGSLSGYLSQDTVSVPCK
N,2385,PXD026629,20180904YLJ-VSV4h-02.ipc,69708,11962,LDPPCTN[2385]TTAPSNYLNNPYVR
N,2385,PXD026629,20180904YLJ-VSV0h-03.ipc,29470,2217,FN[2385]SSSSSLEEK
N,2385,PXD026629,20180904YLJ-VSV0h-03.ipc,77097,13703,ILTN[2385]NSQTPILSPQEVVSCSPYAQGCDGGFPYLIAGK
N,2385,PXD026629,20180831YLJ-H6h-02.ipc,64871,10313,SGDKVRLDPPCTN[2385]TTAPSNYLNNPYVR
N,2385,PXD026629,20180831YLJ-H6h-02.ipc,73369,12107,N[2385]GTSFDIHYGSGSLSGYLSQDTVSVPCK
N,3261,PXD026629,20180904YLJ-VSV4h-02.ipc,70465,12061,AFNISPN[3261]DTSSGSCGINLVTLK
N,3261,PXD026629,20180904YLJ-VSV0h-03.ipc,73548,12726,LVEDLESFLKPYSVEEQKN[3261]LTSCPDGAPFIQHGPDYR
N,3261,PXD026629,20180831YLJ-H6h-01.ipc,43678,5447,SSSHLPPSSYFN[3261]ASGR
N,3261,PXD026629,20180831YLJ-H6h-02.ipc,55110,7580,GRAGIEASLDVEYLM[147]SAGAN[3261]ISTWVYSSPGR
N,3261,PXD026629,YangLuJie-LPS4h-2.ipc,18092,810,GGGGN[3261]SSSSGSGSGSGSGSPSTGSSGSSSSPGAR
N,1778,PXD026629,20180904YLJ-VSV4h-02.ipc,71339,12198,ALENYEPCSSQN[1778]CSCYHGVIEEDLTPFR
N,1778,PXD026629,20180904YLJ-VSV4h-02.ipc,75667,13160,VIDLWDLAQSAN[1778]FTEK
N,1778,PXD026629,20180904YLJ-VSV0h-03.ipc,37196,3765,KLN[1778]YTLK
N,1778,PXD026629,20180904YLJ-VSV0h-03.ipc,67632,11458,CFNAM[147]EVDALN[1778]SSHPVSTPVENPAQIR
N,1778,PXD026629,20180904YLJ-VSV0h-03.ipc,75073,13164,TVVTEAGNLLKDN[1778]ATQEEILHYLEK
N,1616,PXD026629,20180904YLJ-VSV4h-02.ipc,72045,12354,EPNQAFGSGN[1616]NSYSGSNSGAPLGWGSASNAGSGSGFNGGFGSSMDSK
N,1616,PXD026629,20180904YLJ-VSV4h-02.ipc,79500,13801,GPPGAAGYPGNPGLPGIPGQDGPPGPPGIPGCN[1616]GTKGER
N,1616,PXD026629,20180904YLJ-VSV0h-03.ipc,52789,7335,KGLVSGGVYNSHVGCLPYTIPPCEHHVN[1616]GSRPPCTGEGDTPR
N,1616,PXD026629,20180904YLJ-VSV0h-03.ipc,65207,10961,GVDLDAPYYNYIISFTVPDIDN[1616]VTVLDYDAR
N,1616,PXD026629,20180831YLJ-H6h-01.ipc,57169,8375,GLVSGGVYNSHVGCLPYTIPPCEHHVN[1616]GSRPPCTGEGDTPRCNK
N,1801,PXD026629,20180904YLJ-VSV4h-02.ipc,72449,12458,CFNAM[147]EVDALN[1801]SSHPVSTPVENPAQIR
N,1801,PXD026629,20180904YLJ-VSV0h-03.ipc,68657,11696,TN[1801]SSFIQGFVDHVKEDCDR
N,1801,PXD026629,20180904YLJ-VSV0h-03.ipc,72618,12547,CFNAMEVDALN[1801]SSHPVSTPVENPAQIR
N,1801,PXD026629,20180831YLJ-H6h-01.ipc,30738,2658,STSAPQMSPGSSDN[1801]QSSSPQPAQQK
N,1801,PXD026629,20180831YLJ-H6h-01.ipc,32404,2920,LGNTISSLFGGGTSSDAKEN[1801]GTDAVQEEEESPAEGSK
N,2643,PXD026629,20180904YLJ-VSV4h-02.ipc,72967,12549,PSFHPLSDDLINYINKQN[2643]TTWQAGR
N,2643,PXD026629,20180904YLJ-VSV0h-03.ipc,62809,10459,AEFAVAN[2643]DTGFVDIPQQEK
N,2643,PXD026629,20180831YLJ-H6h-02.ipc,45696,5555,FTFTSHTPGEHQICLHSN[2643]STK
N,2643,PXD026629,20180831YLJ-H4h-02.ipc,31582,3093,N[2643]RSRNQNSTCIGTDLNR
N,2643,PXD026629,20180904YLJ-VSV6h-01.ipc,56466,8558,KGLVSGGVYNSHVGCLPYTIPPCEHHVN[2643]GSRPPCTGEGDTPR
N,4218,PXD026629,20180904YLJ-VSV4h-02.ipc,73386,12617,LNM[147]TLPDALVPTFSISN[4218]HSLK
N,4218,PXD026629,20180904YLJ-VSV6h-01.ipc,33170,3513,VQPFN[4218]VTK
N,4218,PXD026629,20180904YLJ-VSV0h-01.ipc,74233,13144,LNMTLPDALVPTFSISN[4218]HSLK
N,4218,PXD026629,YangLuJie-M0-2.ipc,65613,11163,AEFAVAN[4218]DTGFVDIPQQEK
N,4218,PXD026629,20180904YLJ-VSV4h-01.ipc,63410,11111,AQTN[4218]YTCVAEILYR
N,2928,PXD026629,20180904YLJ-VSV4h-02.ipc,74945,12989,VSINTVN[2928]LTAGPQVMEVTVFR
N,2928,PXD026629,20180904YLJ-VSV0h-03.ipc,49583,6574,DCIQSGPGCSWCQKLN[2928]FTGPGEPDSLR
N,2928,PXD026629,20180831YLJ-H4h-02.ipc,61212,10564,ISTN[2928]ITLVCKPGDLESAPVLR
N,2928,PXD026629,YangLuJie-LPS8h-2.ipc,40066,4613,EMN[2928]CSETISQIQK
N,2928,PXD026629,YangLuJie-LPS8h-2.ipc,61951,9409,SATAATVPPAAPAGEGGPPAPPPN[2928]LTSNR
N,3398,PXD026629,20180904YLJ-VSV4h-02.ipc,75899,13205,VSINTVN[3398]LTAGPQVMEVTVFR
N,3398,PXD026629,20180904YLJ-VSV6h-01.ipc,48443,6782,N[3398]LSGPCVPYVDAEQK
N,3398,PXD026629,YangLuJie-LPS8h-2.ipc,62161,9436,NDRN[3398]LSDEIFLR
N,3398,PXD026629,20180904YLJ-VSV4h-03.ipc,28280,2456,YPHNHHVVN[3398]NTLEGNCSSK
N,3398,PXD026629,YangLuJie-M0-1.ipc,28841,2990,YPHNHHVVNNTLEGN[3398]CSSK
N,3033,PXD026629,20180904YLJ-VSV4h-02.ipc,75955,13216,TVVTEAGNLLKDN[3033]ATQEEILHYLEK
N,3033,PXD026629,20180904YLJ-VSV0h-03.ipc,78582,14006,DLPIVFDVLIHDPSHFLN[3033]DSAISYK
N,3033,PXD026629,20180831YLJ-H6h-02.ipc,74332,12388,YSVQHMYFTYN[3033]LSDTEHFPNAISK
N,3033,PXD026629,YangLuJie-LPS4h-2.ipc,67017,9245,NTDGTYN[3033]YTSLFLVNSSAHR
N,3033,PXD026629,YangLuJie-LPS4h-2.ipc,77712,11581,VSINTVN[3033]LTAGPQVMEVTVFR
N,2508,PXD026629,20180904YLJ-VSV4h-02.ipc,76046,13232,TVVTEAGNLLKDN[2508]ATQEEILHYLEK
N,2508,PXD026629,20180904YLJ-VSV4h-02.ipc,78492,13740,DLPIVFDVLIHDPSHFLN[2508]DSAISYK
N,2508,PXD026629,20180904YLJ-VSV0h-03.ipc,58618,9459,KGLVSGGVYNSHVGCLPYTIPPCEHHVN[2508]GSRPPCTGEGDTPR
N,2508,PXD026629,20180904YLJ-VSV0h-03.ipc,61790,10222,LN[2508]FTGPGEPDSLR
N,2508,PXD026629,YangLuJie-LPS4h-2.ipc,55826,7274,GLVSGGVYNSHVGCLPYTIPPCEHHVN[2508]GSR
N,2053,PXD026629,20180904YLJ-VSV4h-02.ipc,76495,13326,TVVTEAGNLLKDN[2053]ATQEEILHYLEK
N,2053,PXD026629,20180904YLJ-VSV0h-03.ipc,73352,12688,ALHEQEIDCQLVEAVDGKAMN[2053]TSQVEAMGIQMLPGYR
N,2053,PXD026629,20180831YLJ-H6h-01.ipc,41447,4909,PTDNSIN[2053]VTCGPPYETNGPK
N,2053,PXD026629,20180831YLJ-H6h-01.ipc,44765,5681,AVN[2053]QTGALYQCDYSTSR
N,2053,PXD026629,20180831YLJ-H6h-01.ipc,49638,6663,TPVLN[2053]CSVAVCK
N,1908,PXD026629,20180904YLJ-VSV4h-02.ipc,77338,13539,ELQAPLGQSFCCGN[1908]ASIVLSPAVHLDLLSLR
N,1908,PXD026629,20180904YLJ-VSV0h-03.ipc,41278,4764,AVN[1908]QTGALYQCDYSTSR
N,1908,PXD026629,20180904YLJ-VSV0h-03.ipc,50848,6889,YYHGELSYLN[1908]VTR
N,1908,PXD026629,20180904YLJ-VSV0h-03.ipc,76585,13530,RAFIN[1908]GTGVETVVSADLPNAHGLAVDWVSR
N,1908,PXD026629,20180831YLJ-H6h-02.ipc,49557,6391,AVEEHN[1908]LTEGLEDASAQAACPAR
N,2887,PXD026629,20180904YLJ-VSV4h-02.ipc,78392,13713,DLPIVFDVLIHDPSHFLN[2887]DSAISYK
N,2887,PXD026629,20180904YLJ-VSV0h-03.ipc,6106,10,SQNCHN[2887]SSSR
N,2887,PXD026629,20180904YLJ-VSV0h-03.ipc,37964,3958,DAQWVGFITRSVLEN[2887]TTSYEEAK
N,2887,PXD026629,20180904YLJ-VSV0h-03.ipc,63940,10706,AEFAVAN[2887]DTGFVDIPQQEK
N,2887,PXD026629,20180904YLJ-VSV0h-03.ipc,72882,12592,QFWIFDVQNPDDVAKN[2887]SSK
N,3197,PXD026629,20180904YLJ-VSV4h-02.ipc,78471,13736,DLPIVFDVLIHDPSHFLN[3197]DSAISYK
N,3197,PXD026629,20180904YLJ-VSV0h-03.ipc,49448,6537,LN[3197]FTGPGEPDSLR
N,3197,PXD026629,20180831YLJ-H6h-01.ipc,52435,7310,N[3197]LTSCPDGAPFIQHGPDYR
N,3197,PXD026629,20180831YLJ-H6h-02.ipc,37684,3538,N[3197]NTIPDSQMSASSSYK
N,3197,PXD026629,20180831YLJ-H6h-02.ipc,52312,7063,VISNN[3197]CTSYGVLDIGK
N,2127,PXD026629,20180904YLJ-VSV4h-02.ipc,79662,13826,GPPGAAGYPGNPGLPGIPGQDGPPGPPGIPGCN[2127]GTKGER
N,2127,PXD026629,20180904YLJ-VSV4h-02.ipc,79783,13837,GPGAQEKCKLEN[2127]HTSPDVHM[147]LPGGGAHGSTR
N,2127,PXD026629,20180831YLJ-H4h-02.ipc,73568,13377,VPFIFNINPATTN[2127]FTGSCQPQSAQLR
N,2127,PXD026629,YangLuJie-LPS8h-2.ipc,56238,8305,GLVSGGVYNSHVGCLPYTIPPCEHHVN[2127]GSR
N,2127,PXD026629,20180904YLJ-VSV4h-03.ipc,54440,8260,GLVSGGVYNSHVGCLPYTIPPCEHHVN[2127]GSRPPCTGEGDTPR
N,2985,PXD026629,20180904YLJ-VSV0h-03.ipc,32187,2675,N[2985]STTLVMHMK
N,2985,PXD026629,20180831YLJ-H4h-02.ipc,51411,7767,ELN[2985]ISICPVSQTSER
N,2985,PXD026629,20180904YLJ-VSV6h-01.ipc,51902,7478,SAEN[2985]FTVLIK
N,2985,PXD026629,YangLuJie-LPS8h-2.ipc,72258,11236,VVIRPFYLTN[2985]STDMV
N,2985,PXD026629,20180831YLJ-H0h-01.ipc,59231,9427,M[147]YVTN[2985]DTEVAENNYEALK
N,2125,PXD026629,20180904YLJ-VSV0h-03.ipc,46026,5820,VCREASN[2125]HSSGAGLVQINK
N,2125,PXD026629,20180904YLJ-VSV0h-03.ipc,77186,13729,VDIGLDQSLSM[147]PN[2125]DSYVIDYFK
N,2125,PXD026629,20180831YLJ-H6h-01.ipc,57046,8326,GLVSGGVYNSHVGCLPYTIPPCEHHVN[2125]GSRPPCTGEGDTPR
N,2125,PXD026629,20180831YLJ-H6h-01.ipc,68847,11047,AEFAVAN[2125]DTGFVDIPQQEK
N,2125,PXD026629,20180831YLJ-H6h-02.ipc,70635,11464,N[2125]GTSFDIHYGSGSLSGYLSQDTVSVPCK
N,3834,PXD026629,20180904YLJ-VSV0h-03.ipc,50380,6759,YYHGELSYLN[3834]VTR
N,3834,PXD026629,YangLuJie-M0-3.ipc,35004,3962,LGAIN[3834]STLSNESK
N,3834,PXD026629,YangLuJie-M0-3.ipc,51201,8282,DPEGQPGGELM[147]LGGTDSKYYHGELSYLN[3834]VTR
N,3834,PXD026629,YangLuJie-M0-3.ipc,51314,8329,LN[3834]FTGPGEPDSLR
N,3834,PXD026629,YangLuJie-LPS4h-1.ipc,65073,10886,NILPN[3834]ITTSYLK
N,2563,PXD026629,20180904YLJ-VSV0h-03.ipc,50676,6833,YYHGELSYLN[2563]VTR
N,2563,PXD026629,20180831YLJ-H6h-02.ipc,70861,11521,AFNISPN[2563]DTSSGSCGINLVTLK
N,2563,PXD026629,20180831YLJ-H6h-02.ipc,76327,12899,ILTN[2563]NSQTPILSPQEVVSCSPYAQGCDGGFPYLIAGK
N,2563,PXD026629,YangLuJie-LPS8h-2.ipc,31991,3128,TSSEFCQPVSLHGSN[2563]HTSK
N,2563,PXD026629,YangLuJie-LPS8h-2.ipc,63290,9564,N[2563]LSWQQEQDVAAVVGK
N,3980,PXD026629,20180904YLJ-VSV0h-03.ipc,51616,7074,AAEN[3980]FTLLVK
N,3980,PXD026629,20180831YLJ-H6h-02.ipc,44399,5288,AYVFERN[3980]QSVGDPNVDLIR
N,3980,PXD026629,20180831YLJ-H4h-03.ipc,76213,14191,VGRADIMQHSSQQTDTGFSVAN[3980]FTLGYVSSSTGGQYR
N,3980,PXD031032,MouseLung-Z-T-2.ipc,59555,9717,LHVAYLDPLELSVPEELFVFLN[3980]SSSTVVNCSAR
N,3980,PXD031032,MouseHeart-Z-T-4.ipc,29536,2393,STWDVITASSDLN[3980]HSLPVHGVGLPAPPTFSLLQAGDR
N,2378,PXD026629,20180904YLJ-VSV0h-03.ipc,53881,7687,KGLVSGGVYNSHVGCLPYTIPPCEHHVN[2378]GSR
N,2378,PXD026629,20180904YLJ-VSV6h-01.ipc,58063,9159,GLVSGGVYNSHVGCLPYTIPPCEHHVN[2378]GSR
N,2378,PXD026629,YangLuJie-M0-1.ipc,37139,4489,LN[2378]GTDPIVAADSK
N,2378,PXD026629,20180904YLJ-VSV0h-01.ipc,67758,11858,LVQAQYWHDPIKESVYRN[2378]YSIFLADINQER
N,2378,PXD026629,20180831YLJ-H4h-01.ipc,39728,4870,FTFTSHTPGEHQICLHSN[2378]STK
N,3852,PXD026629,20180904YLJ-VSV0h-03.ipc,58870,9520,PPYCPRM[147]VQNSDFVRYHYN[3852]GTLLDGTAFDNSYSR
N,3852,PXD026629,20180831YLJ-H6h-02.ipc,59969,9094,LGNTISSLFGGGTSSDAKEN[3852]GTDAVQEEEESPAEGSK
N,3852,PXD026629,YangLuJie-LPS4h-2.ipc,37850,3715,NPNN[3852]NTIHPNLR
N,3852,PXD026629,20180904YLJ-VSV6h-01.ipc,35711,4002,LN[3852]GTDPIVAADSK
N,3852,PXD026629,YangLuJie-LPS8h-2.ipc,74285,11750,ETSDCSYMFEWRTQYACPPFN[3852]VTECSVQDAAGNSIDLSSLSR
N,3777,PXD026629,20180904YLJ-VSV0h-03.ipc,64310,10795,TN[3777]SSFIQGFVDHVKEDCDR
N,3777,PXD026629,20180831YLJ-H6h-02.ipc,32179,2504,GLVSGGVYNSHVGCLPYTIPPCEHHVN[3777]GSRPPCTGEGDTPR
N,3777,PXD026629,YangLuJie-LPS8h-2.ipc,44358,5734,NPNN[3777]NTIHPNLR
N,3777,PXD026629,20180831YLJ-H0h-01.ipc,72114,12394,PGSPYGIPPSPAAPQSLPGPQPLLSSLVYPDTN[3777]LSLVPSGPPGGPPPM[147]R
N,3777,PXD026629,20180831YLJ-H0h-02.ipc,72599,12297,NLKRPYIVPILWLN[3777]ETGTIGDEK
N,4216,PXD026629,20180904YLJ-VSV0h-03.ipc,73545,12725,LNMTLPDALVPTFSISN[4216]HSLK
N,4216,PXD026629,YangLuJie-M0-3.ipc,65123,11721,AEFAVAN[4216]DTGFVDIPQQEK
N,4216,PXD026629,YangLuJie-M0-3.ipc,66230,12006,GLTYKYMDQNSDGWQDGVGYIN[4216]SSEGAVGR
N,4216,PXD026629,YangLuJie-M0-2.ipc,76616,13383,TVVTEAGNLLKDN[4216]ATQEEILHYLEKTCEWIHDSSLSASCK
N,4216,PXD026629,20180831YLJ-H6h-03.ipc,65465,10788,ITN[4216]LTEAISDIPR
N,2402,PXD026629,20180904YLJ-VSV0h-03.ipc,74186,12877,CSARVSINTVN[2402]LTAGPQVMEVTVFR
N,2402,PXD026629,20180831YLJ-H6h-01.ipc,34809,3346,LN[2402]GTDPIVAADSK
N,2402,PXD026629,20180831YLJ-H6h-01.ipc,70940,11481,PLPVEVEKN[2402]STPSEPDSGQGPPAEEEEGEEEAAKEEAEAQGVR
N,2402,PXD026629,YangLuJie-LPS8h-2.ipc,53932,7780,KGLVSGGVYNSHVGCLPYTIPPCEHHVN[2402]GSR
N,2402,PXD026629,YangLuJie-LPS8h-2.ipc,59767,9088,SPIFM[147]NSFHLLN[2402]QTIPM[147]LQNTLR
N,2660,PXD026629,20180904YLJ-VSV0h-03.ipc,76054,13385,NLKRPYIVPILWLN[2660]ETGTIGDEK
N,2660,PXD026629,20180831YLJ-H6h-01.ipc,42068,5103,VTQQSPTSM[147]NQVN[2660]LTCR
N,2660,PXD026629,20180831YLJ-H6h-01.ipc,70663,11417,TVTRAFN[2660]ISPNDTSSGSCGINLVTLK
N,2660,PXD026629,20180831YLJ-H6h-02.ipc,42534,4818,VTQQSPTSMNQVN[2660]LTCR
N,2660,PXD026629,20180831YLJ-H0h-01.ipc,75388,13269,TVVTEAGNLLKDN[2660]ATQEEILHYLEK
N,3705,PXD026629,20180831YLJ-H6h-01.ipc,14335,412,N[3705]ATLAEQAK
N,3705,PXD026629,20180831YLJ-H4h-02.ipc,32477,3309,VQPFN[3705]VTK
N,3705,PXD026629,YangLuJie-LPS8h-2.ipc,15136,731,EQN[3705]YTCR
N,3705,PXD026629,YangLuJie-LPS8h-2.ipc,43768,5587,VTQQSPTSMNQVN[3705]LTCR
N,3705,PXD026629,YangLuJie-LPS8h-2.ipc,59735,9079,PSSPVNTPSSQPPAAKSCAWPTSN[3705]FSPLPPSPPIM[147]ISSPPGKATGPR
N,2273,PXD026629,20180831YLJ-H6h-01.ipc,33703,3172,CPMAGISHTTWHSN[2273]R
N,2273,PXD026629,YangLuJie-M0-3.ipc,64943,11665,N[2273]STKEEILAALEK
N,2273,PXD026629,20180904YLJ-VSV4h-03.ipc,54394,8236,KGLVSGGVYNSHVGCLPYTIPPCEHHVN[2273]GSR
N,2273,PXD026629,20180904YLJ-VSV0h-01.ipc,51644,7505,KGLVSGGVYNSHVGCLPYTIPPCEHHVN[2273]GSRPPCTGEGDTPR
N,2273,PXD031032,MouseKidney-Z-T-2.ipc,3316,332,VSSN[2273]ETEIM[147]R
N,2394,PXD026629,20180831YLJ-H6h-01.ipc,47087,6172,KAWGISVLNPN[2394]K
N,2394,PXD026629,YangLuJie-LPS8h-3.ipc,65920,9119,TN[2394]SSFIQGFVDHVKEDCDR
N,2394,PXD031032,MouseKidney-Z-T-2.ipc,2823,190,IGMDGTN[2394]K
N,2394,PXD031032,MouseKidney-Z-T-2.ipc,3982,534,N[2394]LSYEAAPDHK
N,2394,PXD031032,MouseKidney-Z-T-2.ipc,4146,590,VLPN[2394]GTAGTPNR
N,3342,PXD026629,20180831YLJ-H6h-01.ipc,48823,6455,ECHTIQN[3342]YTLWR
N,3342,PXD026629,20180831YLJ-H6h-02.ipc,56480,7976,GLVSGGVYNSHVGCLPYTIPPCEHHVN[3342]GSR
N,3342,PXD026629,20180831YLJ-H6h-02.ipc,66213,10530,N[3342]CSVQCAGMTLQTIPLK
N,3342,PXD026629,20180904YLJ-VSV6h-01.ipc,56157,8454,KGLVSGGVYNSHVGCLPYTIPPCEHHVN[3342]GSR
N,3342,PXD031032,MouseKidney-Z-T-2.ipc,21303,5632,N[3342]ISQILENTVK
N,4000,PXD026629,20180831YLJ-H6h-01.ipc,60048,9207,SVNLMEQNSN[4000]NSAM[147]PYKKLM[147]LLQIK
N,4000,PXD026629,20180831YLJ-H6h-01.ipc,60912,9394,LGVDCVPCPPGHFSPGNNQACKPWTN[4000]CTLSGK
N,4000,PXD026629,20180904YLJ-VSV6h-01.ipc,51214,7329,DPEGQPGGELM[147]LGGTDSKYYHGELSYLN[4000]VTR
N,4000,PXD026629,20180831YLJ-H0h-02.ipc,51554,7483,KGLVSGGVYNSHVGCLPYTIPPCEHHVN[4000]GSRPPCTGEGDTPR
N,4000,PXD026629,20180904YLJ-VSV6h-02.ipc,55159,8322,QLLQTQVASPAIHPPVSYN[4000]DTAPR
N,2111,PXD026629,20180831YLJ-H6h-01.ipc,67227,10728,AFNISPN[2111]DTSSGSCGINLVTLK
N,2111,PXD026629,20180831YLJ-H6h-02.ipc,77660,13181,DSLN[2111]SSHPISSSVQSSEQIEEMFDSLSYFK
N,2111,PXD026629,20180831YLJ-H4h-02.ipc,53330,8181,KGLVSGGVYNSHVGCLPYTIPPCEHHVN[2111]GSR
N,2111,PXD026629,20180831YLJ-H4h-02.ipc,56490,9295,GLVSGGVYNSHVGCLPYTIPPCEHHVN[2111]GSRPPCTGEGDTPR
N,2111,PXD026629,20180831YLJ-H4h-02.ipc,74717,13712,TVVTEAGNLLKDN[2111]ATQEEILHYLEK
N,3923,PXD026629,20180831YLJ-H6h-01.ipc,71835,11715,LNMTLPDALVPTFSISN[3923]HSLK
N,3923,PXD026629,20180831YLJ-H0h-01.ipc,47840,6414,KGLVSGGVYNSHVGCLPYTIPPCEHHVN[3923]GSR
N,3923,PXD026629,20180904YLJ-VSV4h-03.ipc,77969,14492,VSINTVN[3923]LTAGPQVMEVTVFR
N,3923,PXD026629,YangLuJie-M0-1.ipc,56408,9855,LILPDCVDDSVSPIILRLN[3923]YTLVGEPLR
N,3923,PXD026629,YangLuJie-M0-1.ipc,74939,13687,TVVTEAGNLLKDN[3923]ATQEEILHYLEK
N,4387,PXD026629,20180831YLJ-H6h-01.ipc,72053,11775,DYYPIN[4387]ESLASLPLR
N,4387,PXD026629,YangLuJie-LPS8h-2.ipc,52954,7511,AAEN[4387]FTLLVK
N,4387,PXD026629,YangLuJie-M0-2.ipc,52457,8155,DPEGQPGGELMLGGTDSKYYHGELSYLN[4387]VTR
N,4387,PXD026629,YangLuJie-M0-2.ipc,78734,13813,GTEDFIVESLDASFRYPQDYQFYIQN[4387]FTALPLNTVVPPQR
N,4387,PXD026629,20180831YLJ-H6h-03.ipc,38398,4274,DQLERTPVLN[4387]CSVAVCK
N,4232,PXD026629,20180831YLJ-H6h-01.ipc,73268,12012,LNMTLPDALVPTFSISN[4232]HSLK
N,4232,PXD026629,YangLuJie-LPS4h-2.ipc,78656,11870,VSINTVN[4232]LTAGPQVMEVTVFR
N,4232,PXD026629,YangLuJie-M0-3.ipc,75199,13863,SLPCDICKTVVTEAGNLLKDN[4232]ATQEEILHYLEK
N,4232,PXD026629,YangLuJie-M0-3.ipc,76465,14227,TVVTEAGNLLKDN[4232]ATQEEILHYLEKTCEWIHDSSLSASCK
N,4232,PXD026629,20180904YLJ-VSV6h-02.ipc,65724,11566,NDRN[4232]LSDEIFLR
N,3708,PXD026629,20180831YLJ-H6h-01.ipc,77333,13022,EN[3708]LTELVNIETLYLGQNCYYR
N,3708,PXD026629,20180904YLJ-VSV6h-01.ipc,55746,8319,KGLVSGGVYNSHVGCLPYTIPPCEHHVN[3708]GSR
N,3708,PXD026629,20180904YLJ-VSV6h-01.ipc,67203,11648,TN[3708]SSFIQGFVDHVKEDCDR
N,3708,PXD026629,20180831YLJ-H4h-01.ipc,54116,8661,GLVSGGVYNSHVGCLPYTIPPCEHHVN[3708]GSR
N,3708,PXD026629,YangLuJie-LPS4h-1.ipc,72594,12638,IMDSDSTTLIPLSRSFSQEMPIGFYQITSTQN[3708]SSTLSSR
N,2580,PXD026629,20180831YLJ-H6h-02.ipc,38933,3831,LN[2580]LTTDPK
N,2580,PXD026629,20180831YLJ-H6h-02.ipc,50813,6680,SGQEDHYWLDVEKN[2580]QSAK
N,2580,PXD026629,20180831YLJ-H6h-02.ipc,71778,11779,SEGMKVYN[2580]STLTWQQYGFLCGPR
N,2580,PXD026629,YangLuJie-LPS4h-2.ipc,18102,814,KNAKGGGGN[2580]SSSSGSGSGSGSGSPSTGSSGSSSSPGAR
N,2580,PXD026629,YangLuJie-LPS4h-2.ipc,75899,11128,LGRCSARVSINTVN[2580]LTAGPQVMEVTVFR
N,3779,PXD026629,20180831YLJ-H6h-02.ipc,50705,6643,AAEN[3779]FTLLVK
N,3779,PXD026629,20180831YLJ-H6h-02.ipc,58466,8650,VRLDPPCTN[3779]TTAPSNYLNNPYVR
N,3779,PXD026629,20180831YLJ-H6h-02.ipc,73543,12156,n[43]MQLTLTLSGSAGM[147]QLLLLVSSLLLWEN[3779]VSSKPTAM[147]VPTDDLYTR
N,3779,PXD026629,20180831YLJ-H0h-01.ipc,74425,13066,LWPRAGAVAERLWSSN[3779]LTTNIDFAFK
N,3779,PXD026629,YangLuJie-M0-3.ipc,70244,12867,LLNEGQRIMGLRALAGLVYN[3779]SSGTEPCYDIYR
N,4598,PXD026629,20180831YLJ-H6h-02.ipc,72091,11852,SSTYVKN[4598]GTSFDIHYGSGSLSGYLSQDTVSVPCK
N,4598,PXD026629,YangLuJie-LPS4h-2.ipc,74814,10789,LNMTLPDALVPTFSISN[4598]HSLK
N,4598,PXD026629,YangLuJie-M0-3.ipc,65324,11770,AEFAVAN[4598]DTGFVDIPQQEKALM[147]K
N,4598,PXD026629,20180831YLJ-H0h-03.ipc,72725,12587,RPYIVPILWLN[4598]ETGTIGDEK
N,4598,PXD026629,20180904YLJ-VSV0h-02.ipc,64337,11822,LVSDVQTAVKTN[4598]SSFIQGFVDHVKEDCDR
N,4583,PXD026629,20180831YLJ-H6h-02.ipc,72936,12018,LNMTLPDALVPTFSISN[4583]HSLK
N,4583,PXD026629,YangLuJie-LPS4h-2.ipc,51864,6282,YYHGELSYLN[4583]VTR
N,4583,PXD026629,20180831YLJ-H4h-02.ipc,12352,235,GPGIKPN[4583]QTSK
N,4583,PXD026629,20180904YLJ-VSV6h-01.ipc,56041,8415,SPASPASSGSFN[4583]HSPHSSGGASGIGGM[147]SR
N,4583,PXD026629,YangLuJie-M0-1.ipc,60144,10667,FDKGPFEKN[4583]CSVQCAGMTLQTIPLK
N,4524,PXD026629,20180831YLJ-H6h-02.ipc,73720,12215,LGRCSARVSINTVN[4524]LTAGPQVMEVTVFR
N,4524,PXD026629,20180904YLJ-VSV4h-01.ipc,62397,10900,KGLVSGGVYNSHVGCLPYTIPPCEHHVN[4524]GSRPPCTGEGDTPR
N,4524,PXD026629,20180904YLJ-VSV4h-01.ipc,64750,11394,LVSDVQTAVKTN[4524]SSFIQGFVDHVKEDCDR
N,4524,PXD031032,MouseBrain-Z-T-3.ipc,19734,4614,FHVN[4524]YTQPLVAVK
N,4524,PXD031032,MouseKidney-Z-T-1.ipc,15731,3740,TILVDN[4524]NTWNNTHISR
N,2912,PXD026629,YangLuJie-LPS4h-2.ipc,40314,4226,EMN[2912]CSETISQIQK
N,2912,PXD026629,20180831YLJ-H4h-02.ipc,41147,5333,NGDAYGYYN[2912]DSIK
N,2912,PXD026629,YangLuJie-LPS8h-2.ipc,76261,12299,CSARVSINTVN[2912]LTAGPQVMEVTVFR
N,2912,PXD026629,YangLuJie-M0-3.ipc,77316,14414,VPFIFNINPATTN[2912]FTGSCQPQSAQLR
N,2912,PXD026629,20180904YLJ-VSV4h-03.ipc,49352,7013,DCIQSGPGCSWCQKLN[2912]FTGPGEPDSLR
N,4362,PXD026629,YangLuJie-LPS4h-2.ipc,76907,11386,LNMTLPDALVPTFSISN[4362]HSLK
N,4362,PXD026629,YangLuJie-LPS8h-2.ipc,75575,12100,LGRCSARVSINTVN[4362]LTAGPQVMEVTVFR
N,4362,PXD026629,20180831YLJ-H0h-01.ipc,18893,1000,DN[4362]HTSCAECLK
N,4362,PXD026629,YangLuJie-LPS8h-3.ipc,74555,10915,RPYIVPILWLN[4362]ETGTIGDEK
N,4362,PXD026629,YangLuJie-M0-2.ipc,52612,8212,YYHGELSYLN[4362]VTR
N,2816,PXD026629,20180831YLJ-H4h-02.ipc,19198,1181,DN[2816]HTSCAECLK
N,2816,PXD026629,20180831YLJ-H4h-02.ipc,49750,7321,YYHGELSYLN[2816]VTR
N,2816,PXD026629,20180904YLJ-VSV6h-01.ipc,67177,11641,TN[2816]SSFIQGFVDHVKEDCDR
N,2816,PXD026629,20180904YLJ-VSV6h-01.ipc,77980,14110,ELQAPLGQSFCCGN[2816]ASIVLSPAVHLDLLSLR
N,2816,PXD026629,YangLuJie-LPS8h-2.ipc,62238,9444,n[43]SATAATVPPAAPAGEGGPPAPPPN[2816]LTSNR
N,6555,PXD026629,20180831YLJ-H4h-02.ipc,74677,13702,MYVTN[6555]DTEVAENNYEALKDFFR
N,6555,PXD026629,YangLuJie-M0-1.ipc,74429,13557,RPYIVPILWLN[6555]ETGTIGDEK
N,6555,PXD031032,MouseBrain-Z-T-3.ipc,27913,6216,KVLVAPPSEEANTTKAVISMLN[6555]ETMNEAPEETK
N,6555,PXD031032,MouseLiver-Z-T-3.ipc,51123,7734,N[6555]TTSYPPMCSQDAVGGQVLSELFTNR
N,6555,PXD031025,480_20210524_WZY_IGP_HILIC_DDACancer_5e5_2.ipc,49068,5843,DLSQLQENLKISENMNLQFENQM[147]N[6555]KTIR
N,2361,PXD026629,20180831YLJ-H4h-02.ipc,75700,13961,VSINTVN[2361]LTAGPQVMEVTVFR
N,2361,PXD031032,MouseKidney-Z-T-2.ipc,23417,6298,CDVDNDCGDYSDEPIHECMTAAYNCDN[2361]HTEFSCK
N,2361,PXD031032,MouseBrain-Z-T-3.ipc,5033,700,TLN[2361]CSGAHVK
N,2361,PXD031032,MouseBrain-Z-T-3.ipc,11888,2396,GGN[2361]VTLPCK
N,2361,PXD031032,MouseBrain-Z-T-3.ipc,16140,3611,IGSYN[2361]GTAGDSLSYHQGR
N,3996,PXD026629,20180904YLJ-VSV6h-01.ipc,29449,2704,N[3996]GTRAEPPLNASAGDQEEK
N,3996,PXD026629,20180904YLJ-VSV6h-01.ipc,29487,2714,AEPPLN[3996]ASAGDQEEK
N,3996,PXD026629,YangLuJie-LPS8h-2.ipc,60145,9153,AGPN[3996]GTLFVVDAYK
N,3996,PXD026629,YangLuJie-M0-1.ipc,51231,8308,DPEGQPGGELM[147]LGGTDSKYYHGELSYLN[3996]VTR
N,3996,PXD026629,YangLuJie-LPS8h-1.ipc,69376,12219,EDANGNIVYEKNCRNDLGLTSDLHVYN[3996]WTAGADDGDWEDGTSR
N,4590,PXD026629,20180904YLJ-VSV6h-01.ipc,50328,7161,LN[4590]FTGPGEPDSLR
N,4590,PXD031032,MouseKidney-Z-T-2.ipc,17338,4516,FTSDGSVTGAGFN[4590]ASFQK
N,4590,PXD031032,MouseLung-Z-T-2.ipc,49699,8426,IHYLYLQNNFITELPLESFQN[4590]ATGLR
N,4590,PXD031032,MouseKidney-Z-T-3.ipc,38152,11496,PLQHYIAVSSPTNTTYVVQYALAN[4590]LTGK
N,4590,PXD031025,480_20210524_WZY_IGP_HILIC_DDACancer_5e5_2.ipc,2649,68,N[4590]NSDISSTR
N,3941,PXD026629,20180904YLJ-VSV6h-01.ipc,53545,7879,KGLVSGGVYNSHVGCLPYTIPPCEHHVN[3941]GSRPPCTGEGDTPR
N,3941,PXD026629,YangLuJie-M0-3.ipc,76710,14292,KTGEAN[3941]LTQLYTQEALDFIQTQHAR
N,3941,PXD026629,20180831YLJ-H4h-01.ipc,30802,2868,DKVTFIN[3941]TTR
N,3941,PXD026629,20180904YLJ-VSV6h-02.ipc,54199,8112,GLVSGGVYNSHVGCLPYTIPPCEHHVN[3941]GSRPPCTGEGDTPR
N,3941,PXD026629,20180904YLJ-VSV6h-03.ipc,72377,12655,VEDYFFGKCFNAM[147]EVDALN[3941]SSHPVSTPVENPAQIR
N,3634,PXD026629,20180904YLJ-VSV6h-01.ipc,57911,9092,KGLVSGGVYNSHVGCLPYTIPPCEHHVN[3634]GSR
N,3634,PXD026629,20180904YLJ-VSV6h-01.ipc,75379,13361,N[3634]ATYGYVLDDPDPDDGFNYK
N,3634,PXD026629,YangLuJie-LPS8h-2.ipc,66672,10140,NILPN[3634]ITTSYLK
N,3634,PXD026629,20180831YLJ-H0h-01.ipc,73531,12804,VSINTVN[3634]LTAGPQVMEVTVFR
N,3634,PXD026629,YangLuJie-M0-3.ipc,52119,8652,YAIYM[147]IVTSDESSIRYLN[3634]FTASEMTSK
N,3633,PXD026629,20180904YLJ-VSV6h-01.ipc,57987,9126,KGLVSGGVYNSHVGCLPYTIPPCEHHVN[3633]GSR
N,3633,PXD026629,20180831YLJ-H0h-01.ipc,49007,6788,YAIYM[147]IVTSDESSIRYLN[3633]FTASEMTSK
N,3633,PXD031032,MouseKidney-Z-T-2.ipc,28460,7987,LDWLGN[3633]CSGLNDDSYGYR
N,3633,PXD031032,MouseBrain-Z-T-4.ipc,17127,4250,VLVAPPSEEAN[3633]TTK
N,3633,PXD031032,MouseBrain-Z-T-4.ipc,20441,4982,PKPPKN[3633]ESLETYPLMMK
N,2257,PXD026629,20180904YLJ-VSV6h-01.ipc,68411,11916,LLNEGQRIMGLRALAGLVYN[2257]SSGTEPCYDIYR
N,2257,PXD026629,20180831YLJ-H0h-02.ipc,37236,3863,IAPASN[2257]VSHTVVLRPLK
N,2257,PXD026629,YangLuJie-LPS8h-3.ipc,55029,7331,KGLVSGGVYNSHVGCLPYTIPPCEHHVN[2257]GSR
N,2257,PXD026629,YangLuJie-LPS8h-3.ipc,56291,7559,LLEFDSTN[2257]ASEGAQPPGKPYPPYSLAK
N,2257,PXD031032,MouseKidney-Z-T-2.ipc,3292,325,VSSN[2257]ETEIM[147]R
N,3416,PXD026629,20180904YLJ-VSV6h-01.ipc,70043,12227,LVSDVQTAVKTN[3416]SSFIQGFVDHVKEDCDR
N,3416,PXD026629,YangLuJie-LPS8h-2.ipc,24744,2195,N[3416]YTADYDK
N,3416,PXD026629,YangLuJie-LPS8h-2.ipc,53420,7655,N[3416]STKEEILAALEK
N,3416,PXD026629,20180904YLJ-VSV4h-03.ipc,54153,8150,GLVSGGVYNSHVGCLPYTIPPCEHHVN[3416]GSR
N,3416,PXD026629,YangLuJie-M0-1.ipc,77725,14381,CSARVSINTVN[3416]LTAGPQVMEVTVFR
N,4527,PXD026629,YangLuJie-LPS8h-2.ipc,19888,1331,DN[4527]HTSCAECLK
N,4527,PXD026629,20180904YLJ-VSV0h-01.ipc,65221,11433,LVSDVQTAVKTN[4527]SSFIQGFVDHVKEDCDR
N,4527,PXD026629,20180831YLJ-H4h-03.ipc,46331,6527,TILVDN[4527]NTWNNTHISR
N,4527,PXD026629,20180904YLJ-VSV4h-01.ipc,62498,10924,KGLVSGGVYNSHVGCLPYTIPPCEHHVN[4527]GSRPPCTGEGDTPR
N,4527,PXD031032,MouseKidney-Z-T-2.ipc,24934,6778,VPFIFNINPATTN[4527]FTGSCQPQSAQLR
N,1972,PXD026629,YangLuJie-LPS8h-2.ipc,72608,11339,PYLTPNNQGLYIFQGN[1972]STVR
N,1972,PXD026629,20180904YLJ-VSV4h-03.ipc,56359,8961,KGLVSGGVYNSHVGCLPYTIPPCEHHVN[1972]GSR
N,1972,PXD026629,YangLuJie-LPS4h-3.ipc,50974,6540,LN[1972]FTGPGEPDSLR
N,1972,PXD026629,20180904YLJ-VSV0h-01.ipc,28403,2419,HTLELAPN[1972]STAR
N,1972,PXD026629,20180904YLJ-VSV6h-02.ipc,23166,1649,KNAKGGGGN[1972]SSSSGSGSGSGSGSPSTGSSGSSSSPGAR
N,4948,PXD026629,YangLuJie-LPS8h-2.ipc,75089,11958,TVVTEAGNLLKDN[4948]ATQEEILHYLEK
N,4948,PXD026629,20180831YLJ-H0h-01.ipc,72530,12505,RPYIVPILWLN[4948]ETGTIGDEK
N,4948,PXD026629,20180831YLJ-H0h-02.ipc,75858,13142,VQLQGLDLSHNSLRDAAGAPSCDWPSQLNSLN[4948]LSFTGLK
N,4948,PXD031032,MouseKidney-Z-T-2.ipc,29401,8327,LDWLGN[4948]CSGLNDDSYGYR
N,4948,PXD031025,480_20210524_WZY_IGP_HILIC_DDACancer_5e5_2.ipc,10712,755,EEQFN[4948]STFR
N,3635,PXD026629,20180831YLJ-H0h-01.ipc,49086,6814,YAIYM[147]IVTSDESSIRYLN[3635]FTASEMTSK
N,3635,PXD026649,Sperm_cotton_fraction8_IGP1_Xin_20210208.ipc,61571,8397,LAN[3635]LTQGEDQYYLR
N,3635,PXD026649,Sperm_cotton_fraction3_IGP3_Xin_20210206.ipc,57163,7216,CPECCVICSPGSYNPRDGIHCLQCN[3635]SSLVYGAK
N,3635,PXD026649,Sperm_cotton_fraction1_IGP1_Xin_20210205.ipc,44476,4456,NKNYFN[3635]CTNEGSK
N,3635,PXD026649,Sperm_cotton_fraction1_IGP1_Xin_20210205.ipc,60065,9027,N[3635]GSDCPDKFCLFQSETK
N,3254,PXD026629,20180904YLJ-VSV4h-03.ipc,30544,2883,AEPPLN[3254]ASAGDQEEK
N,3254,PXD026629,20180831YLJ-H0h-02.ipc,57869,9080,AAEN[3254]FTLLVK
N,3254,PXD026629,YangLuJie-LPS8h-3.ipc,51073,6504,LN[3254]FTGPGEPDSLR
N,3254,PXD026629,YangLuJie-M0-2.ipc,64718,10905,QDN[3254]ETGIYYETWTVR
N,3254,PXD026629,YangLuJie-LPS8h-1.ipc,71145,12733,LSPN[3254]DSAIYICGIAFPNELSPSAK
N,4073,PXD026629,20180904YLJ-VSV4h-03.ipc,78292,14577,SCADEGFSTPCAFVVAVSGAN[4073]GSVLWER
N,4073,PXD026629,20180904YLJ-VSV0h-01.ipc,77576,14055,TGEAN[4073]LTQLYTQEALDFIQTQHAR
N,4073,PXD026629,20180904YLJ-VSV0h-01.ipc,77632,14078,VMSWWDYGYQITAMAN[4073]R
N,4073,PXD026629,20180831YLJ-H4h-01.ipc,19188,1142,DN[4073]HTSCAECLK
N,4073,PXD026629,20180831YLJ-H4h-01.ipc,61068,10649,KISTN[4073]ITLVCKPGDLESAPVLR
N,5677,PXD026629,YangLuJie-M0-1.ipc,64828,11576,AEFAVAN[5677]DTGFVDIPQQEK
N,5677,PXD026629,YangLuJie-M0-2.ipc,75813,13173,LGRCSARVSINTVN[5677]LTAGPQVMEVTVFR
N,5677,PXD031032,MouseKidney-Z-T-2.ipc,15958,3983,LNRM[147]YN[5677]CTATHTLLDHCDFEK
N,5677,PXD031025,480_20210524_WZY_IGP_HILIC_DDACancer_5e5_2.ipc,20777,1803,GLN[5677]VTLSSTGR
N,5677,PXD031025,480_20210524_WZY_IGP_HILIC_DDACancer_5e5_2.ipc,27518,2407,TVLTPATNHM[147]GN[5677]VTFTIPANR
N,3703,PXD026629,YangLuJie-M0-1.ipc,70152,12727,NDRN[3703]LSDEIFLR
N,3703,PXD026629,YangLuJie-LPS8h-1.ipc,70279,12460,TVVTEAGNLLKDN[3703]ATQEEILHYLEK
N,3703,PXD031032,MouseKidney-Z-T-2.ipc,31822,9273,YTGN[3703]ASALLILPDQGR
N,3703,PXD031032,MouseKidney-Z-T-2.ipc,49620,14802,AFVEN[3703]ITVLENSLVFK
N,3703,PXD031032,MouseLung-Z-T-2.ipc,52657,8834,IHYLYLQNNFITELPLESFQN[3703]ATGLR
N,3926,PXD026629,YangLuJie-M0-1.ipc,77121,14214,VSINTVN[3926]LTAGPQVMEVTVFR
N,3926,PXD026629,20180904YLJ-VSV0h-01.ipc,71661,12571,PGAQGIEPQNMRTLQGHSVIRSATN[3926]TTLPHMLMSQR
N,3926,PXD026629,YangLuJie-LPS8h-3.ipc,75947,11339,TVVTEAGNLLKDN[3926]ATQEEILHYLEK
N,3926,PXD026629,20180904YLJ-VSV4h-01.ipc,41807,5723,VSPTVKVTQQSPTSMNQVN[3926]LTCR
N,3926,PXD031032,MouseKidney-Z-T-2.ipc,15840,3940,MYN[3926]CTATHTLLDHCDFEK
N,2831,PXD026629,20180904YLJ-VSV0h-01.ipc,58575,9912,GLVSGGVYNSHVGCLPYTIPPCEHHVN[2831]GSRPPCTGEGDTPR
N,2831,PXD031032,MouseKidney-Z-T-2.ipc,7863,1640,N[2831]LSYEAAPDHK
N,2831,PXD031032,MouseBrain-Z-T-3.ipc,4187,504,HYN[2831]YTGK
N,2831,PXD031032,MouseBrain-Z-T-3.ipc,10839,2131,VLVAPPSEEAN[2831]TTK
N,2831,PXD031032,MouseBrain-Z-T-3.ipc,11404,2272,KVLVAPPSEEAN[2831]TTK
N,2905,PXD026629,YangLuJie-LPS8h-3.ipc,31412,2863,AEPPLN[2905]ASAGDQEEK
N,2905,PXD026629,YangLuJie-M0-2.ipc,44379,6124,YGN[2905]M[147]TQDHVMHLLTR
N,2905,PXD031032,MouseKidney-Z-T-2.ipc,4385,653,DSSDEAN[2905]CTTLCSQK
N,2905,PXD031032,MouseKidney-Z-T-2.ipc,4443,672,SCN[2905]STTEFTCSNGR
N,2905,PXD031032,MouseKidney-Z-T-2.ipc,7110,1436,VN[2905]VTNEFK
N,4508,PXD026629,20180831YLJ-H0h-03.ipc,56165,8808,FDKGPFEKN[4508]CSVQCAGMTLQTIPLK
N,4508,PXD031032,MouseLung-Z-T-2.ipc,44832,7432,FAPPQPAEPWSFVKN[4508]TTSYPPMCSQDAVGGQVLSELFTNR
N,4508,PXD031032,MouseBrain-Z-T-3.ipc,18516,4275,TENLDVIVNISDTESWGQHVQKLNKFLEPYN[4508]DSIQAQK
N,4508,PXD031032,MouseBrain-Z-T-4.ipc,19804,4889,KTDN[4508]GTEAWGSSATQTFNSGACTDKTSPNSNDTSSVSGWGDPK
N,4508,PXD031032,MouseBrain-Z-T-2.ipc,20390,4538,PSSPADVASNSSHGYPN[4508]DTVSLASSIATQPELITVHIVK
N,3270,PXD031032,MouseKidney-Z-T-2.ipc,3359,350,N[3270]ATLVNEADK
N,3270,PXD031032,MouseKidney-Z-T-2.ipc,9129,2046,N[3270]ATLVNEADKLR
N,3270,PXD031032,MouseKidney-Z-T-2.ipc,17202,4446,VVDGEREN[3270]VSMVDYAHNNYQAQSAVPLR
N,3270,PXD031032,MouseKidney-Z-T-2.ipc,19491,5207,CIPLSYVCNGINNCHDN[3270]DTSDEKNCPPITCQPDFAK
N,3270,PXD031032,MouseKidney-Z-T-2.ipc,21533,5713,ADCLDASDESACPTRFPN[3270]GTYCPAAMFECK
N,3124,PXD031032,MouseKidney-Z-T-2.ipc,3505,400,N[3124]ATLVNEADK
N,3124,PXD031032,MouseKidney-Z-T-2.ipc,3743,477,NPNN[3124]NTIHPNLR
N,3124,PXD031032,MouseKidney-Z-T-2.ipc,8962,1990,TAFQN[3124]GTESTIVTR
N,3124,PXD031032,MouseKidney-Z-T-2.ipc,9079,2030,N[3124]ATLVNEADKLR
N,3124,PXD031032,MouseKidney-Z-T-2.ipc,21224,5610,N[3124]ISQILENTVK
N,2759,PXD031032,MouseKidney-Z-T-2.ipc,6441,1275,N[2759]VTVVLR
N,2759,PXD031032,MouseKidney-Z-T-2.ipc,8569,1854,VCDGVPDCPEGEDENN[2759]ATSGR
N,2759,PXD031032,MouseKidney-Z-T-2.ipc,9063,2022,TAFQN[2759]GTESTIVTR
N,2759,PXD031032,MouseKidney-Z-T-2.ipc,9353,2107,N[2759]ATLVNEADKLR
N,2759,PXD031032,MouseKidney-Z-T-2.ipc,19222,5135,AFYN[2759]GSLTAQIVK
N,3561,PXD031032,MouseKidney-Z-T-2.ipc,7009,1409,N[3561]LSYEAAPDHK
N,3561,PXD031032,MouseKidney-Z-T-2.ipc,15540,3851,PKPPKN[3561]ESLETYPLMMK
N,3561,PXD031032,MouseKidney-Z-T-2.ipc,31981,9320,LDWLGN[3561]CSGLNDDSYGYR
N,3561,PXD031032,MouseBrain-Z-T-3.ipc,18583,4301,VLVAPPSEEAN[3561]TTK
N,3561,PXD031032,MouseBrain-Z-T-3.ipc,39173,8569,AVISMLN[3561]ETMNEAPEETK
N,2158,PXD031032,MouseKidney-Z-T-2.ipc,13612,3321,DPSVGN[2158]ISSTCYQPR
N,2158,PXD031032,MouseKidney-Z-T-2.ipc,23587,6338,CDVDNDCGDYSDEPIHECM[147]TAAYNCDN[2158]HTEFSCK
N,2158,PXD031032,MouseBrain-Z-T-3.ipc,53145,9626,LIPLGVFTGLSN[2158]LTK
N,2158,PXD031025,480_20210714_WZY_NIGP_HILIC_DDA_Cancer_160min_1.ipc,44107,3805,M[147]VSHHN[2158]LTTGATLINEQWLLTTAK
N,2158,PXD026649,Sperm_cotton_fraction3_IGP2_Xin_20210206.ipc,56623,8369,DPCSN[2158]VTCSFGSTCAR
N,6700,PXD031032,MouseKidney-Z-T-2.ipc,37616,11226,TLRFSLVN[6700]DSEGWLCIK
N,6700,PXD031025,480_20210714_WZY_NIGP_HILIC_DDA_Cancer_160min_1.ipc,43518,3706,EN[6700]LTAPGSDSAVFFEQGTTR
N,6700,PXD031025,480_20210714_WZY_NIGP_HILIC_DDA_Cancer_160min_1.ipc,50622,4954,QSWSVCKQVFPGLNYCTSGAYSN[6700]ASSTDSASYYPLTGDTR
N,6700,PXD031025,480_20210714_WZY_NIGP_HILIC_DDA_Cancer_160min_1.ipc,53995,5606,TLN[6700]QSSDELQLSM[147]GNAM[147]FVK
N,6700,PXD031025,480_20210714_WZY_NIGP_HILIC_DDA_Cancer_210min_2.ipc,58431,6244,ILGGHLDAKGSFPWQAKM[147]VSHHN[6700]LTTGATLINEQWLLTTAK
N,2523,PXD031032,MouseBrain-Z-T-3.ipc,3644,422,N[2523]ISSEEK
N,2523,PXD031032,MouseBrain-Z-T-3.ipc,8863,1575,LSVECAN[2523]K
N,2523,PXD031032,MouseBrain-Z-T-3.ipc,11663,2337,KVLVAPPSEEAN[2523]TTK
N,2523,PXD031032,MouseBrain-Z-T-3.ipc,15360,3372,VLVAPPSEEAN[2523]TTK
N,2523,PXD031032,MouseBrain-Z-T-3.ipc,16980,3878,KDDEPLETTGDFN[2523]TTK
N,6846,PXD031025,480_20210714_WZY_NIGP_HILIC_DDA_Cancer_160min_1.ipc,10910,445,EEQFN[6846]STYR
N,6846,PXD031025,480_20210714_WZY_NIGP_HILIC_DDA_Cancer_160min_1.ipc,37043,2674,GLTFQQN[6846]ASSMCVPDQDTAIR
N,6846,PXD031025,480_20210714_WZY_NIGP_HILIC_DDA_Cancer_160min_1.ipc,42745,3566,M[147]VSHHN[6846]LTTGATLINEQWLLTTAK
N,6846,PXD031025,480_20210714_WZY_NIGP_HILIC_DDA_Cancer_160min_2.ipc,52566,5619,MVSHHNLTTGATLINEQWLLTTAKNLFLN[6846]HSENATAK
N,6846,PXD031025,480_20210714_WZY_NIGP_HILIC_DDA_Cancer_210min_2.ipc,54130,5389,ILGGHLDAKGSFPWQAKM[147]VSHHN[6846]LTTGATLINEQWLLTTAK
